X,Y,OBJECTID,YINFO_ID,GID,NAME,POINT_NM,DPWT,MATERIAL,TIDE_TIME,TARGET,PHOTO1_PAT,ADR_KNM
126.2863056,33.9692500008746,S20099,F2042,214985,추자도,다무레미 북측 해상,12.8~16.2,암,들물/썰물,"▶감성돔 - 릴찌, 장대, 원투
▶돌돔 - 민장대, 릴찌, 원투
▶자리돔 - 장대, 카드
▶농어 - 루어, 릴찌
▶볼락 - 루어, 릴찌, 장대
▶참돔 - 부력, 잠수",03_다무레미 북측 해상.JPG,제주특별자치도 제주시
126.2845833,33.9626388908745,S20100,F2042,214986,추자도,다무레미 남측 해상,9.3~19.6,암,들물/썰물,"▶감성돔 - 릴찌, 장대, 원투
▶돌돔 - 민장대, 릴찌, 원투
▶자리돔 - 장대, 카드
▶농어 - 루어, 릴찌
▶볼락 - 루어, 릴찌, 장대
▶참돔 - 부력, 잠수",04_다무레미 남측 해상.JPG,제주특별자치도 제주시
126.6651944,33.5526111108695,S20101,F2045,214987,제주도 북부,함덕 서우봉해변 앞 해상,6.8~10.0,암,들물/썰물,"▶참돔 - 릴찌, 장대, 원투, 부력, 잠수
▶돌돔 - 민장대, 릴찌, 원투
▶한치 - 루어, 원투
▶벵에돔 - 목줄, 장대, 부력, 잠수
▶노래미 - 루어, 릴찌, 장대, 원투",01_함덕 서우봉해변 앞 해상.JPG,제주특별자치도 제주시
126.7017222,33.5601111108695,S20102,F2045,214988,제주도 북부,달서 등대부근 해상,5.5~8.0,"펄, 모래",들물/썰물,"▶참돔 - 릴찌, 장대, 원투, 부력, 잠수
▶돌돔 - 민장대, 릴찌, 원투
▶한치 - 루어, 원투
▶벵에돔 - 목줄, 장대, 부력, 잠수
▶노래미 - 루어, 릴찌, 장대, 원투",02_달서 등대부근 해상.JPG,제주특별자치도 제주시
126.7751389,33.5766388908698,S20103,F2046,214989,제주도 북동부·우도,김녕리 앞 해상,15.4~20.5,암,들물/날물,"▶참돔 - 부력, 잠수
▶돌돔 - 민장대, 릴찌, 원투
▶볼락 - 루어, 릴찌, 장대
▶벵에돔 - 목줄, 장대, 부력, 잠수
▶무늬오징어 - 에깅
▶독가시치 - 목줄, 장대, 부력, 잠수",01_김녕리 앞 해상.JPG,제주특별자치도 제주시
126.9330833,33.5243055608692,S20104,F2046,214990,제주도 북동부·우도,반다여 부근,7.7~10.0,암,들물/날물,"▶참돔 - 부력, 잠수
▶돌돔 - 민장대, 릴찌, 원투
▶볼락 - 루어, 릴찌, 장대
▶벵에돔 - 목줄, 장대, 부력, 잠수
▶무늬오징어 - 에깅
▶독가시치 - 목줄, 장대, 부력, 잠수",02_반다여 부근.JPG,제주특별자치도 제주시
126.9219167,33.5081666708689,S20105,F2046,214991,제주도 북동부·우도,종달리 포구 앞 해상,11.7~16.9,암,들물/날물,"▶참돔 - 부력, 잠수
▶돌돔 - 민장대, 릴찌, 원투
▶볼락 - 루어, 릴찌, 장대
▶벵에돔 - 목줄, 장대, 부력, 잠수
▶무늬오징어 - 에깅
▶독가시치 - 목줄, 장대, 부력, 잠수",03_종달리 포구 앞 해상.JPG,제주특별자치도 제주시
126.9413056,33.4854722208686,S20106,F2046,214992,제주도 북동부·우도,천진항 앞 해상,12.0~12.4,암,들물/날물,"▶참돔 - 부력, 잠수
▶돌돔 - 민장대, 릴찌, 원투
▶볼락 - 루어, 릴찌, 장대
▶벵에돔 - 목줄, 장대, 부력, 잠수
▶무늬오징어 - 에깅
▶독가시치 - 목줄, 장대, 부력, 잠수",04_천진항 앞 해상.JPG,제주특별자치도 제주시
126.9345833,33.5013055608688,S20107,F2046,214993,제주도 북동부·우도,산호샤홍조단괴해수욕장 앞 해상,7.9~13.3,암,들물/날물,"▶참돔 - 부력, 잠수
▶돌돔 - 민장대, 릴찌, 원투
▶볼락 - 루어, 릴찌, 장대
▶벵에돔 - 목줄, 장대, 부력, 잠수
▶무늬오징어 - 에깅
▶독가시치 - 목줄, 장대, 부력, 잠수",05_산호사흥조단괴해수욕장 앞 해상.JPG,제주특별자치도 제주시
126.9471667,33.5298611108692,S20108,F2046,214994,제주도 북동부·우도,독진곶 앞 해상,27.0~44.9,암,들물/날물,"▶참돔 - 부력, 잠수
▶돌돔 - 민장대, 릴찌, 원투
▶볼락 - 루어, 릴찌, 장대
▶벵에돔 - 목줄, 장대, 부력, 잠수
▶무늬오징어 - 에깅
▶독가시치 - 목줄, 장대, 부력, 잠수",06_독진곶 앞 해상.JPG,제주특별자치도 제주시
126.9704167,33.5235833308691,S20109,F2046,214995,제주도 북동부·우도,비양도 북측해상,22.0~30.0,암,들물/날물,"▶참돔 - 부력, 잠수
▶돌돔 - 민장대, 릴찌, 원투
▶볼락 - 루어, 릴찌, 장대
▶벵에돔 - 목줄, 장대, 부력, 잠수
▶무늬오징어 - 에깅
▶독가시치 - 목줄, 장대, 부력, 잠수",07_비양도 북측해상.JPG,제주특별자치도 제주시
126.9521389,33.4558055608682,S20110,F2047,214996,제주도 동부,성산일출봉 앞 해상,22.0~48.0,고운모래,들물/날물,"▶참돔 - 부력, 잠수
▶돌돔 - 민장대, 릴찌, 원투
▶볼락 - 루어, 릴찌, 장대
▶벵에돔 - 목줄, 장대, 부력, 잠수
▶무늬오징어 - 에깅
▶독가시치 - 목줄, 장대, 부력, 잠수",01_성산일출봉 앞 해상.JPG,제주특별자치도 서귀포시
126.9178889,33.3954722208674,S20111,F2047,214997,제주도 동부,온평리 앞 해상,10.3~18.0,조개껍질,들물/날물,"▶참돔 - 부력, 잠수
▶돌돔 - 민장대, 릴찌, 원투
▶볼락 - 루어, 릴찌, 장대
▶벵에돔 - 목줄, 장대, 부력, 잠수
▶무늬오징어 - 에깅
▶독가시치 - 목줄, 장대, 부력, 잠수",02_온평리 앞 해상.JPG,제주특별자치도 서귀포시
126.7402222,33.2666111108657,S20112,F2048,214998,제주도 남동부,태흥리포구 앞 해상,21.7~28.5,고운모래,들물/날물,"▶참돔 - 부력, 잠수
▶돌돔 - 민장대, 릴찌, 원투
▶다금바리 - 원투
▶벵에돔 - 목줄, 장대, 부력, 잠수
▶부시리 - 부력, 잠수, 지깅",01_태흥리포구 앞 해상.JPG,제주특별자치도 서귀포시
126.7239722,33.2709444408658,S20113,F2048,214999,제주도 남동부,비안포구 앞 해상,3.7~10.0,암,들물/날물,"▶참돔 - 부력, 잠수
▶돌돔 - 민장대, 릴찌, 원투
▶다금바리 - 원투
▶벵에돔 - 목줄, 장대, 부력, 잠수
▶부시리 - 부력, 잠수, 지깅",02_비안포구 앞 해상.JPG,제주특별자치도 서귀포시
126.5155556,33.2238611108652,S20114,F2049,215000,제주도 남부,호도(범섬)부근 해상,32.0~38.0,암,초들물~중날물,"▶벵에돔 - 목줄, 장대, 부력, 잠수
▶한치 - 루어, 원투
▶노래미 - 루어, 릴찌, 장대, 원투
▶독가시치 - 목줄, 장대, 부력, 잠수
▶부시리 - 부력, 잠수, 지깅
▶우럭 - 릴찌, 원투",01_호도(범섬)부근 해상.JPG,제주특별자치도 서귀포시
126.49375,33.2223888908652,S20115,F2049,215001,제주도 남부,강정포구 앞 노란부표 부근,14.6~18.0,암,초들물~중날물,"▶벵에돔 - 목줄, 장대, 부력, 잠수
▶한치 - 루어, 원투
▶노래미 - 루어, 릴찌, 장대, 원투
▶독가시치 - 목줄, 장대, 부력, 잠수
▶부시리 - 부력, 잠수, 지깅
▶우럭 - 릴찌, 원투",02_강정포구 앞 노란부표 부근.JPG,제주특별자치도 서귀포시
126.4755,33.2195000008651,S20116,F2049,215002,제주도 남부,강정포구 앞 입표 부근,14.6~18.0,암,초들물~중날물,"▶벵에돔 - 목줄, 장대, 부력, 잠수
▶한치 - 루어, 원투
▶노래미 - 루어, 릴찌, 장대, 원투
▶독가시치 - 목줄, 장대, 부력, 잠수
▶부시리 - 부력, 잠수, 지깅
▶우럭 - 릴찌, 원투",03_강정포구 앞 입표 부근.JPG,제주특별자치도 서귀포시
126.28675,33.1743333308645,S20117,F2050,215003,제주도 남서부·가파도·마라도,광포란 부근 해상,12.2~18.9,암,들물/썰물,"▶벵에돔 - 목줄, 장대, 잠수
▶농어 - 루어, 릴찌
▶자리돔 - 민장대, 릴찌
▶볼락 - 루어, 릴찌, 장대
▶한치 - 루어, 원투
▶참돔 - 부력, 잠수
▶부시리 - 부력, 잠수, 지깅",01_광포란 부근 해상.JPG,제주특별자치도 서귀포시
126.3099722,33.2126666708649,S20118,F2050,215004,제주도 남서부·가파도·마라도,형제도 부근 해상,4.2~9.5,암,들물/썰물,"▶벵에돔 - 목줄, 장대, 잠수
▶농어 - 루어, 릴찌
▶자리돔 - 민장대, 릴찌
▶볼락 - 루어, 릴찌, 장대
▶한치 - 루어, 원투
▶참돔 - 부력, 잠수
▶부시리 - 부력, 잠수, 지깅",02_형제도 부근 해상.JPG,제주특별자치도 서귀포시
125.195626899986,34.6728819408759,S30001,F3001,215005,홍도,방구서 부근,3.5~4.7m,암,조금 전후,"▶ 참돔  -  부력, 잠수
▶ 돌돔  -  릴찌, 장대, 원투
▶ 감성돔  -  릴찌, 장대, 원투
▶ 우럭  -  릴찌, 원투
▶ 농어  -  루어, 릴찌",1. 방구서 부근.JPG,전라남도 신안군
125.178607199985,34.6655188908756,S30002,F3001,215006,홍도,제비여 부근,17.5~19m,암,조금 전후,"▶ 참돔  -  부력, 잠수
▶ 돌돔  -  릴찌, 장대, 원투
▶ 감성돔  -  릴찌, 장대, 원투
▶ 우럭  -  릴찌, 원투
▶ 농어  -  루어, 릴찌",2. 제비여 부근.JPG,전라남도 신안군
125.175867799985,34.6727213908756,S30003,F3001,215007,홍도,상연서 부근,23.5~33m,암,조금 전후,"▶ 참돔  -  부력, 잠수
▶ 돌돔  -  릴찌, 장대, 원투
▶ 감성돔  -  릴찌, 장대, 원투
▶ 우럭  -  릴찌, 원투
▶ 농어  -  루어, 릴찌",3. 상연서 부근.JPG,전라남도 신안군
125.189509999985,34.6950538908761,S30004,F3001,215008,홍도,거북바위 인근,28~31m,암,조금 전후,"▶ 참돔  -  부력, 잠수
▶ 돌돔  -  릴찌, 장대, 원투
▶ 감성돔  -  릴찌, 장대, 원투
▶ 우럭  -  릴찌, 원투
▶ 농어  -  루어, 릴찌",4. 거북바위 인근.JPG,전라남도 신안군
125.186465599985,34.7159608308763,S30005,F3001,215009,홍도,장도 부근,23~27m,암,조금 전후,"▶ 참돔  -  부력, 잠수
▶ 돌돔  -  릴찌, 장대, 원투
▶ 감성돔  -  릴찌, 장대, 원투
▶ 우럭  -  릴찌, 원투
▶ 농어  -  루어, 릴찌",5. 장도 부근.JPG,전라남도 신안군
125.192998299986,34.7238825008765,S30006,F3001,215010,홍도,모도 부근,4.1~7.2m,암,조금 전후,"▶ 참돔  -  부력, 잠수
▶ 돌돔  -  릴찌, 장대, 원투
▶ 감성돔  -  릴찌, 장대, 원투
▶ 우럭  -  릴찌, 원투
▶ 농어  -  루어, 릴찌",6. 모도 부근.JPG,전라남도 신안군
125.215330799986,34.6964463908766,S30007,F3001,215011,홍도,공작새바위 인근,26~31m,암,조금 전후,"▶ 참돔  -  부력, 잠수
▶ 돌돔  -  릴찌, 장대, 원투
▶ 감성돔  -  릴찌, 장대, 원투
▶ 우럭  -  릴찌, 원투
▶ 농어  -  루어, 릴찌",7. 공작새바위 인근.JPG,전라남도 신안군
125.209047499986,34.6825072208763,S30008,F3001,215012,홍도,흥어굴 인근,5.5~9.4m,"펄,모래,조개껍질",조금 전후,"▶ 참돔  -  부력, 잠수
▶ 돌돔  -  릴찌, 장대, 원투
▶ 감성돔  -  릴찌, 장대, 원투
▶ 우럭  -  릴찌, 원투
▶ 농어  -  루어, 릴찌",8. 홍어굴 인근.JPG,전라남도 신안군
125.476000299993,34.2218638908747,S30009,F3002,215013,만재도,백서 남측 선상,37~44m,암,조금 전후,"▶ 돌돔 - 릴찌, 장대, 원투
▶ 참돔 - 부력, 잠수
▶ 감성돔 - 릴찌, 장대, 원투
▶ 우럭 - 릴찌, 원투
▶ 광어 - 릴찌, 원투
▶ 농어 - 루어, 릴찌
▶ 볼락 - 릴찌, 장대, 루어
▶ 문어 - 루어",1. 백서 남측 선상.JPG,전라남도 신안군
125.486368599993,34.2133605608747,S30010,F3002,215014,만재도,만재도 북동측 선상,28~37m,암,조금 전후,"▶ 돌돔 - 릴찌, 장대, 원투
▶ 참돔 - 부력, 잠수
▶ 감성돔 - 릴찌, 장대, 원투
▶ 우럭 - 릴찌, 원투
▶ 광어 - 릴찌, 원투
▶ 농어 - 루어, 릴찌
▶ 볼락 - 릴찌, 장대, 루어
▶ 문어 - 루어",2. 만재도 북동측 선상.JPG,전라남도 신안군
125.490068599993,34.2108502808746,S30011,F3002,215015,만재도,국도 북측 선상,25~28m,암,조금 전후,"▶ 돌돔 - 릴찌, 장대, 원투
▶ 참돔 - 부력, 잠수
▶ 감성돔 - 릴찌, 장대, 원투
▶ 우럭 - 릴찌, 원투
▶ 광어 - 릴찌, 원투
▶ 농어 - 루어, 릴찌
▶ 볼락 - 릴찌, 장대, 루어
▶ 문어 - 루어",3. 국도 북측 선상.JPG,전라남도 신안군
125.485442199993,34.2050075008745,S30012,F3002,215016,만재도,만재도 동측 선상,12~20m,암,조금 전후,"▶ 돌돔 - 릴찌, 장대, 원투
▶ 참돔 - 부력, 잠수
▶ 감성돔 - 릴찌, 장대, 원투
▶ 우럭 - 릴찌, 원투
▶ 광어 - 릴찌, 원투
▶ 농어 - 루어, 릴찌
▶ 볼락 - 릴찌, 장대, 루어
▶ 문어 - 루어",4. 만재도 동측 선상.JPG,전라남도 신안군
125.475507199993,34.2031130608744,S30013,F3002,215017,만재도,만재도 남측 선상,20.5~22m,암,조금 전후,"▶ 돌돔 - 릴찌, 장대, 원투
▶ 참돔 - 부력, 잠수
▶ 감성돔 - 릴찌, 장대, 원투
▶ 우럭 - 릴찌, 원투
▶ 광어 - 릴찌, 원투
▶ 농어 - 루어, 릴찌
▶ 볼락 - 릴찌, 장대, 루어
▶ 문어 - 루어",5. 만재도 남측 선상.JPG,전라남도 신안군
125.462607199993,34.2100311108744,S30014,F3002,215018,만재도,외마도 남측 선상,20.5~27m,암,조금 전후,"▶ 돌돔 - 릴찌, 장대, 원투
▶ 참돔 - 부력, 잠수
▶ 감성돔 - 릴찌, 장대, 원투
▶ 우럭 - 릴찌, 원투
▶ 광어 - 릴찌, 원투
▶ 농어 - 루어, 릴찌
▶ 볼락 - 릴찌, 장대, 루어
▶ 문어 - 루어",6. 외마도 남측 선상.JPG,전라남도 신안군
125.464827799993,34.2133083308745,S30015,F3002,215019,만재도,만재도 서측 선상,10.5~14m,암,조금 전후,"▶ 돌돔 - 릴찌, 장대, 원투
▶ 참돔 - 부력, 잠수
▶ 감성돔 - 릴찌, 장대, 원투
▶ 우럭 - 릴찌, 원투
▶ 광어 - 릴찌, 원투
▶ 농어 - 루어, 릴찌
▶ 볼락 - 릴찌, 장대, 루어
▶ 문어 - 루어",7. 만재도 서측 선상.JPG,전라남도 신안군
125.943567199998,34.2462650008775,S30016,F3005,215020,거차수도 부근,동거차 선착장 해상,12.6~19.5m,암,1물~4물,"▶ 참돔  -  부력, 잠수
▶ 감성돔  -  릴찌, 장대, 원투
▶ 돌돔  -  릴찌, 장대, 원투
▶ 우럭  -  릴찌, 원투
▶ 농어  -  루어, 릴찌
▶ 부시리  -  부력, 잠수, 지깅",1. 동거차 선착장 해상.JPG,전라남도 진도군
125.930263099998,34.2271433308772,S30017,F3005,215021,거차수도 부근,동거차 해수욕장 해상,23~24.5m,암,1물~4물,"▶ 참돔  -  부력, 잠수
▶ 감성돔  -  릴찌, 장대, 원투
▶ 돌돔  -  릴찌, 장대, 원투
▶ 우럭  -  릴찌, 원투
▶ 농어  -  루어, 릴찌
▶ 부시리  -  부력, 잠수, 지깅",2. 동거차 해수욕장 해상.JPG,전라남도 진도군
125.865638299998,34.2151083308769,S30018,F3005,215022,거차수도 부근,명도 부근 해상,23.5~28.5m,암,1물~4물,"▶ 참돔  -  부력, 잠수
▶ 감성돔  -  릴찌, 장대, 원투
▶ 돌돔  -  릴찌, 장대, 원투
▶ 우럭  -  릴찌, 원투
▶ 농어  -  루어, 릴찌
▶ 부시리  -  부력, 잠수, 지깅",3. 명도 부근 해상.JPG,전라남도 진도군
125.841621399998,34.2158991708768,S30019,F3005,215023,거차수도 부근,새여 부근 해상,21.5~29.5m,암,1물~4물,"▶ 참돔  -  부력, 잠수
▶ 감성돔  -  릴찌, 장대, 원투
▶ 돌돔  -  릴찌, 장대, 원투
▶ 우럭  -  릴찌, 원투
▶ 농어  -  루어, 릴찌
▶ 부시리  -  부력, 잠수, 지깅",4. 새여 부근 해상.JPG,전라남도 진도군
126.094722799999,34.266468330878,S30020,F3006,215024,독거군도 부근,죽항 송도 해상,13.4~17.7m,"자갈, 조개껍질",1물~4물,"▶ 참돔  -  부력, 잠수
▶ 감성돔  -  릴찌, 장대, 원투
▶ 돌돔  -  릴찌, 장대, 원투
▶ 광어 - 릴찌, 원투
▶ 농어  -  루어, 릴찌",1.죽항 송도 해상.JPG,전라남도 진도군
126.140678599999,34.2677191708781,S30021,F3006,215025,독거군도 부근,슬도 북쪽 해상,23~28.5m,암,1물~4물,"▶ 참돔  -  부력, 잠수
▶ 감성돔  -  릴찌, 장대, 원투
▶ 돌돔  -  릴찌, 장대, 원투
▶ 광어 - 릴찌, 원투
▶ 농어  -  루어, 릴찌",2. 슬도 북쪽 해상.JPG,전라남도 진도군
126.151854999999,34.2565355608779,S30022,F3006,215026,독거군도 부근,소슬도 해상,22.5~23m,암,1물~4물,"▶ 참돔  -  부력, 잠수
▶ 감성돔  -  릴찌, 장대, 원투
▶ 돌돔  -  릴찌, 장대, 원투
▶ 광어 - 릴찌, 원투
▶ 농어  -  루어, 릴찌",3. 소슬도 해상.JPG,전라남도 진도군
126.189035599999,34.250671670878,S30023,F3006,215027,독거군도 부근,독거 동쪽 선창 해상,27~29m,펄,1물~4물,"▶ 참돔  -  부력, 잠수
▶ 감성돔  -  릴찌, 장대, 원투
▶ 돌돔  -  릴찌, 장대, 원투
▶ 광어 - 릴찌, 원투
▶ 농어  -  루어, 릴찌",4. 독거 동쪽 선창 해상.JPG,전라남도 진도군
126.168934399999,34.2651622208781,S30024,F3006,215028,독거군도 부근,구도 해상,26~27m,암,1물~4물,"▶ 참돔  -  부력, 잠수
▶ 감성돔  -  릴찌, 장대, 원투
▶ 돌돔  -  릴찌, 장대, 원투
▶ 광어 - 릴찌, 원투
▶ 농어  -  루어, 릴찌",5. 구도 해상.JPG,전라남도 진도군
126.155936699999,34.2276108308776,S30025,F3006,215029,독거군도 부근,초도앞 해상,14.9~17.5m,암,1물~4물,"▶ 참돔  -  부력, 잠수
▶ 감성돔  -  릴찌, 장대, 원투
▶ 돌돔  -  릴찌, 장대, 원투
▶ 광어 - 릴찌, 원투
▶ 농어  -  루어, 릴찌",6. 초도앞 해상.JPG,전라남도 진도군
126.168743899999,34.2286216708777,S30026,F3006,215030,독거군도 부근,간암여 해상,23.5~29m,암,1물~4물,"▶ 참돔  -  부력, 잠수
▶ 감성돔  -  릴찌, 장대, 원투
▶ 돌돔  -  릴찌, 장대, 원투
▶ 광어 - 릴찌, 원투
▶ 농어  -  루어, 릴찌",7. 간암여 해상.JPG,전라남도 진도군
126.172560599999,34.2251627808776,S30027,F3006,215031,독거군도 부근,제주섬 해상,27.5~29m,암,1물~4물,"▶ 참돔  -  부력, 잠수
▶ 감성돔  -  릴찌, 장대, 원투
▶ 돌돔  -  릴찌, 장대, 원투
▶ 광어 - 릴찌, 원투
▶ 농어  -  루어, 릴찌",8. 제주섬 해상.JPG,전라남도 진도군
126.3305025,34.0171527808752,S30028,F3007,215032,추자군도,횡간도 북측 해상,40~46m,암,"조금 전후, 1~4물","▶ 감성돔  -  릴찌, 장대, 원투
▶ 벵에돔 - 목줄, 장대, 부력, 잠수
▶ 참돔  -  부력, 잠수
▶ 돌돔 - 민장대, 릴찌, 원투
▶ 볼락 - 릴찌, 장대, 루어
▶ 부시리 - 부력, 잠수, 지깅",1. 횡간도 북측 해상.JPG,제주특별자치도 제주시
126.3545483,34.0079413908751,S30029,F3007,215033,추자군도,곽도 앞 해상,7.6~16.1m,암,"조금 전후, 1~4물","▶ 감성돔  -  릴찌, 장대, 원투
▶ 벵에돔 - 목줄, 장대, 부력, 잠수
▶ 참돔  -  부력, 잠수
▶ 돌돔 - 민장대, 릴찌, 원투
▶ 볼락 - 릴찌, 장대, 루어
▶ 부시리 - 부력, 잠수, 지깅",2. 광도 앞 해상.JPG,제주특별자치도 제주시
126.3629803,33.999255830875,S30030,F3007,215034,추자군도,가인서 앞 해상,25~29m,암,"조금 전후, 1~4물","▶ 감성돔  -  릴찌, 장대, 원투
▶ 벵에돔 - 목줄, 장대, 부력, 잠수
▶ 참돔  -  부력, 잠수
▶ 돌돔 - 민장대, 릴찌, 원투
▶ 볼락 - 릴찌, 장대, 루어
▶ 부시리 - 부력, 잠수, 지깅",3. 가인서 앞 해상.JPG,제주특별자치도 제주시
126.340775,33.9868797208748,S30031,F3007,215035,추자군도,흑검도 앞 해상,8~26m,암,"조금 전후, 1~4물","▶ 감성돔  -  릴찌, 장대, 원투
▶ 벵에돔 - 목줄, 장대, 부력, 잠수
▶ 참돔  -  부력, 잠수
▶ 돌돔 - 민장대, 릴찌, 원투
▶ 볼락 - 릴찌, 장대, 루어
▶ 부시리 - 부력, 잠수, 지깅",4. 흑건도 앞 해상.JPG,제주특별자치도 제주시
126.3409886,33.9681477808746,S30032,F3007,215036,추자군도,하추자도 북측 해상,31~32m,"암, 자갈","조금 전후, 1~4물","▶ 감성돔  -  릴찌, 장대, 원투
▶ 벵에돔 - 목줄, 장대, 부력, 잠수
▶ 참돔  -  부력, 잠수
▶ 돌돔 - 민장대, 릴찌, 원투
▶ 볼락 - 릴찌, 장대, 루어
▶ 부시리 - 부력, 잠수, 지깅",5. 하추자도 북측 해상.JPG,제주특별자치도 제주시
126.3614022,33.9543427808744,S30033,F3007,215037,추자군도,하추자도 동측 해상,29~32m,"모래, 조개껍질","조금 전후, 1~4물","▶ 감성돔  -  릴찌, 장대, 원투
▶ 벵에돔 - 목줄, 장대, 부력, 잠수
▶ 참돔  -  부력, 잠수
▶ 돌돔 - 민장대, 릴찌, 원투
▶ 볼락 - 릴찌, 장대, 루어
▶ 부시리 - 부력, 잠수, 지깅",6. 하추자도 동측 해상.JPG,제주특별자치도 제주시
126.3290642,33.9218822208741,S30034,F3007,215038,추자군도,하추자도와 청도 사이,20.2~21m,암,"조금 전후, 1~4물","▶ 감성돔  -  릴찌, 장대, 원투
▶ 벵에돔 - 목줄, 장대, 부력, 잠수
▶ 참돔  -  부력, 잠수
▶ 돌돔 - 민장대, 릴찌, 원투
▶ 볼락 - 릴찌, 장대, 루어
▶ 부시리 - 부력, 잠수, 지깅",7. 하추자도와 청도 사이.JPG,제주특별자치도 제주시
126.2991586,33.9434941708743,S30035,F3007,215039,추자군도,묵리 마을 앞 해상,16~38m,암,"조금 전후, 1~4물","▶ 감성돔  -  릴찌, 장대, 원투
▶ 벵에돔 - 목줄, 장대, 부력, 잠수
▶ 참돔  -  부력, 잠수
▶ 돌돔 - 민장대, 릴찌, 원투
▶ 볼락 - 릴찌, 장대, 루어
▶ 부시리 - 부력, 잠수, 지깅",8. 묵리 마을 앞 해상.JPG,제주특별자치도 제주시
126.3103517,33.9584722208744,S30036,F3007,215040,추자군도,추자교 앞 해상,12.1~14.6m,"모래, 펄","조금 전후, 1~4물","▶ 감성돔  -  릴찌, 장대, 원투
▶ 벵에돔 - 목줄, 장대, 부력, 잠수
▶ 참돔  -  부력, 잠수
▶ 돌돔 - 민장대, 릴찌, 원투
▶ 볼락 - 릴찌, 장대, 루어
▶ 부시리 - 부력, 잠수, 지깅",9. 추자교 앞 해상.JPG,제주특별자치도 제주시
126.3063825,33.9696952808746,S30037,F3007,215041,추자군도,추자항 북측 해상,22.5~28m,암,"조금 전후, 1~4물","▶ 감성돔  -  릴찌, 장대, 원투
▶ 벵에돔 - 목줄, 장대, 부력, 잠수
▶ 참돔  -  부력, 잠수
▶ 돌돔 - 민장대, 릴찌, 원투
▶ 볼락 - 릴찌, 장대, 루어
▶ 부시리 - 부력, 잠수, 지깅",10. 추자항 북측 해상.JPG,제주특별자치도 제주시
126.2880972,33.9703869408746,S30038,F3007,215042,추자군도,대서리 인근 해상,28.5~29.5m,암,"조금 전후, 1~4물","▶ 감성돔  -  릴찌, 장대, 원투
▶ 벵에돔 - 목줄, 장대, 부력, 잠수
▶ 참돔  -  부력, 잠수
▶ 돌돔 - 민장대, 릴찌, 원투
▶ 볼락 - 릴찌, 장대, 루어
▶ 부시리 - 부력, 잠수, 지깅",11. 대서리 인근 해상.JPG,제주특별자치도 제주시
126.2573533,33.9751522208746,S30039,F3007,215043,추자군도,상추자도와 직구도 사이,43~45m,"모래, 펄","조금 전후, 1~4물","▶ 감성돔  -  릴찌, 장대, 원투
▶ 벵에돔 - 목줄, 장대, 부력, 잠수
▶ 참돔  -  부력, 잠수
▶ 돌돔 - 민장대, 릴찌, 원투
▶ 볼락 - 릴찌, 장대, 루어
▶ 부시리 - 부력, 잠수, 지깅",12. 상추자도와 직구도 사이.JPG,제주특별자치도 제주시
127.5379303,34.6218091708825,S30040,F3014,215044,낭도 부근,하과도 남측 해상,6.3~6.8m,암,"5물~8물, 조금 전후","▶ 감성돔  -  릴찌, 장대, 원투
▶ 붕장어  -  원투
▶ 농어  -  루어, 릴찌
▶ 숭어  -  릴찌, 장대, 훌치기",1. 하과도 남측 해상.JPG,전라남도 고흥군
127.5539778,34.6222772208826,S30041,F3014,215045,낭도 부근,홍도 남측 해상,8.3~12.8m,"펄, 조개껍질","5물~8물, 조금 전후","▶ 감성돔  -  릴찌, 장대, 원투
▶ 붕장어  -  원투
▶ 농어  -  루어, 릴찌
▶ 숭어  -  릴찌, 장대, 훌치기",2. 홍도 남측 해상.JPG,전라남도 고흥군
127.540795,34.5944255608823,S30042,F3014,215046,낭도 부근,목도 해상,7.1~9.1m,암,"5물~8물, 조금 전후","▶ 감성돔  -  릴찌, 장대, 원투
▶ 붕장어  -  원투
▶ 농어  -  루어, 릴찌
▶ 숭어  -  릴찌, 장대, 훌치기",3. 목도 해상.JPG,전라남도 고흥군
127.5576089,34.6005819408823,S30043,F3014,215047,낭도 부근,추도 북측 해상,3~3.9m,암,"5물~8물, 조금 전후","▶ 감성돔  -  릴찌, 장대, 원투
▶ 붕장어  -  원투
▶ 농어  -  루어, 릴찌
▶ 숭어  -  릴찌, 장대, 훌치기",4. 추도 북측 해상.JPG,전라남도 고흥군
127.5935761,34.5952794408823,S30044,F3014,215048,낭도 부근,상화도 서측 해상,8.5~29m,암,"13물~5물, 조금 전후","▶ 감성돔  -  릴찌, 장대, 원투
▶ 붕장어  -  원투
▶ 농어  -  루어, 릴찌
▶ 숭어  -  릴찌, 장대, 훌치기",5. 상화도 서측 해상.JPG,전라남도 고흥군
127.6055097,34.5920427808822,S30045,F3014,215049,낭도 부근,장구도 동측 해상,4.7~23m,암,"13물~5물, 조금 전후","▶ 감성돔  -  릴찌, 장대, 원투
▶ 붕장어  -  원투
▶ 농어  -  루어, 릴찌
▶ 숭어  -  릴찌, 장대, 훌치기",6. 장구도 동측 해상.JPG,전라남도 고흥군
127.8561828,34.7293269408838,S30046,F3016,215050,여수엑스포 부근,향촌마을 부근,19.5~28m,암,조금,"▶ 벵에돔  -  목줄, 장대, 부력, 잠수
▶ 참돔  -  부력, 잠수
▶ 돌돔  -  릴찌, 장대, 원투
▶ 감성돔  -  릴찌, 장대, 원투
▶ 농어  -  루어, 릴찌",1. 향촌마을 부근.JPG,전라남도 여수시
127.7959981,34.6876108308834,S30047,F3016,215051,여수엑스포 부근,죽도 인근 해상,10.6~15.7m,펄,조금,"▶ 벵에돔  -  목줄, 장대, 부력, 잠수
▶ 참돔  -  부력, 잠수
▶ 돌돔  -  릴찌, 장대, 원투
▶ 감성돔  -  릴찌, 장대, 원투
▶ 농어  -  루어, 릴찌",2. 죽도 인근해상.jpg,전라남도 여수시
127.7049028,34.8947222208857,S30048,F3017,215052,광양만 부근,여수대교 부근,9.7~13m,암,5물~10물,"▶ 붕장어  -  원투
▶ 망둥어  -  릴찌, 장대
▶ 숭어  -  릴찌, 장대, 훌치기
▶ 감성돔  -  릴찌, 장대, 원투
▶ 농어  -  루어, 릴찌
▶ 노래미  -  루어, 릴찌, 장대, 원투
▶ 볼락  -  릴찌, 장대, 루�",1. 여수대교 부근.JPG,전라남도 광양시
127.7782353,34.9446325008863,S30049,F3017,215053,광양만 부근,마도 부근,0.4~2.0m,"펄,모래",5물~10물,"▶ 붕장어  -  원투
▶ 망둥어  -  릴찌, 장대
▶ 숭어  -  릴찌, 장대, 훌치기
▶ 감성돔  -  릴찌, 장대, 원투
▶ 농어  -  루어, 릴찌
▶ 노래미  -  루어, 릴찌, 장대, 원투
▶ 볼락  -  릴찌, 장대, 루�",2. 마도 부근.JPG,전라남도 광양시
127.0637508,34.1938086108775,S30050,F3018,215054,황제도,알매섬 해상,22~30m,암,"조금 전후, 2~3물","▶ 감성돔  -  릴찌, 장대, 원투
▶ 참돔  -  부력, 잠수
▶ 돌돔  -  릴찌, 장대, 원투
▶ 농어  -  루어, 릴찌
▶ 광어  -  릴찌, 원투
▶ 볼락  -  릴찌, 장대, 루어",1. 알매섬 해상.JPG,전라남도 완도군
127.0891417,34.1899780608774,S30051,F3018,215055,황제도,맞담 해상,15.2~16m,"모래, 조개껍질","조금 전후, 2~3물","▶ 감성돔  -  릴찌, 장대, 원투
▶ 참돔  -  부력, 잠수
▶ 돌돔  -  릴찌, 장대, 원투
▶ 농어  -  루어, 릴찌
▶ 광어  -  릴찌, 원투
▶ 볼락  -  릴찌, 장대, 루어",2. 맞담 해상.JPG,전라남도 완도군
127.1402044,34.2177438908777,S30052,F3018,215056,황제도,흰여 해상,17.2~28m,펄,"조금 전후, 2~3물","▶ 감성돔  -  릴찌, 장대, 원투
▶ 참돔  -  부력, 잠수
▶ 돌돔  -  릴찌, 장대, 원투
▶ 농어  -  루어, 릴찌
▶ 광어  -  릴찌, 원투
▶ 볼락  -  릴찌, 장대, 루어",3. 흰여 해상.JPG,전라남도 완도군
127.1412392,34.2034013908776,S30053,F3018,215057,황제도,대마도 해상,23~27m,암,"조금 전후, 2~3물","▶ 감성돔  -  릴찌, 장대, 원투
▶ 참돔  -  부력, 잠수
▶ 돌돔  -  릴찌, 장대, 원투
▶ 농어  -  루어, 릴찌
▶ 광어  -  릴찌, 원투
▶ 볼락  -  릴찌, 장대, 루어",4. 대마도 해상.JPG,전라남도 완도군
127.1523456,34.2024594408775,S30054,F3018,215058,황제도,소마도 해상,22~26m,암,"조금 전후, 2~3물","▶ 감성돔  -  릴찌, 장대, 원투
▶ 참돔  -  부력, 잠수
▶ 돌돔  -  릴찌, 장대, 원투
▶ 농어  -  루어, 릴찌
▶ 광어  -  릴찌, 원투
▶ 볼락  -  릴찌, 장대, 루어",5. 소마도 해상.JPG,전라남도 완도군
127.1906136,34.2145744408777,S30055,F3018,215059,황제도,원도 해상,28.5~41m,펄,"조금 전후, 2~3물","▶ 감성돔  -  릴찌, 장대, 원투
▶ 참돔  -  부력, 잠수
▶ 돌돔  -  릴찌, 장대, 원투
▶ 농어  -  루어, 릴찌
▶ 광어  -  릴찌, 원투
▶ 볼락  -  릴찌, 장대, 루어",6. 언도 해상.JPG,전라남도 완도군
127.3568578,34.2910536108786,S30056,F3019,215060,손죽열도 부근,손죽 방파제 해상,2.8~6.3m,펄,"중들물~만조, 사리를 피한 물때","▶ 감성돔  -  릴찌, 장대, 원투
▶ 참돔  -  부력, 잠수
▶ 돌돔  -  릴찌, 장대, 원투
▶ 우럭  -  릴찌, 원투
▶ 노래미  -  루어, 릴찌, 장대, 원투
▶ 농어  -  루어, 릴찌
▶ 숭어  -  릴찌, 장대, 훌��",1. 손죽 방파제 해상.JPG,전라남도 여수시
127.3866897,34.2978061108787,S30057,F3019,215061,손죽열도 부근,잔거리 동쪽 해상,15.3~20.6m,암,"중들물~만조, 사리를 피한 물때","▶ 감성돔  -  릴찌, 장대, 원투
▶ 참돔  -  부력, 잠수
▶ 돌돔  -  릴찌, 장대, 원투
▶ 우럭  -  릴찌, 원투
▶ 노래미  -  루어, 릴찌, 장대, 원투
▶ 농어  -  루어, 릴찌
▶ 숭어  -  릴찌, 장대, 훌��",2. 잔거리 동쪽 해상.JPG,전라남도 여수시
127.397645,34.2997341708787,S30058,F3019,215062,손죽열도 부근,소거문도 북쪽 해상,9.9~20.6m,암,"중들물~만조, 사리를 피한 물때","▶ 감성돔  -  릴찌, 장대, 원투
▶ 참돔  -  부력, 잠수
▶ 돌돔  -  릴찌, 장대, 원투
▶ 우럭  -  릴찌, 원투
▶ 노래미  -  루어, 릴찌, 장대, 원투
▶ 농어  -  루어, 릴찌
▶ 숭어  -  릴찌, 장대, 훌��",3. 소거문도 북쪽 해상.JPG,전라남도 여수시
127.4063517,34.2825711108785,S30059,F3019,215063,손죽열도 부근,소거문도 동쪽 해상,19.5~20.3m,펄,"중들물~만조, 사리를 피한 물때","▶ 감성돔  -  릴찌, 장대, 원투
▶ 참돔  -  부력, 잠수
▶ 돌돔  -  릴찌, 장대, 원투
▶ 우럭  -  릴찌, 원투
▶ 노래미  -  루어, 릴찌, 장대, 원투
▶ 농어  -  루어, 릴찌
▶ 숭어  -  릴찌, 장대, 훌��",4. 소거문도 동쪽 해상.JPG,전라남도 여수시
128.0158333,34.9243333308861,S20069,F2034,214955,남해도 동부·신수도·창선도,후박 방파제 앞 해상,6.4~11.7,"펄, 모래",초들물~중날물,"▶참돔 - 부력, 잠수
▶농어 - 루어, 릴찌
▶노래미 - 루어, 릴찌, 장대, 원투
▶볼락 - 릴찌, 장대, 루어
▶우럭 - 릴찌, 원투",02_후박 방파제 앞 해상.JPG,경상남도 남해군
127.9973056,34.9158055608859,S20070,F2034,214956,남해도 동부·신수도·창선도,벽재마을 앞 입표부근 해상,3.5~16.4,암,초들물~중날물,"▶참돔 - 부력, 잠수
▶농어 - 루어, 릴찌
▶노래미 - 루어, 릴찌, 장대, 원투
▶볼락 - 릴찌, 장대, 루어
▶우럭 - 릴찌, 원투",03_벽재마을 앞 입표부근 해상.JPG,경상남도 남해군
128.0229444,34.835388890885,S20071,F2034,214957,남해도 동부·신수도·창선도,증초 부근 해상,0.2~3.1,암,초들물~중날물,"▶참돔 - 부력, 잠수
▶농어 - 루어, 릴찌
▶노래미 - 루어, 릴찌, 장대, 원투
▶볼락 - 릴찌, 장대, 루어
▶우럭 - 릴찌, 원투",04_증초 부근 해상.JPG,경상남도 남해군
128.0678333,34.8604444408853,S20072,F2034,214958,남해도 동부·신수도·창선도,적량마을 앞 해상,3.5~16.4,암,초들물~중날물,"▶볼락 - 릴찌, 장대, 루어
▶고등어 - 루어, 릴찌, 장대
▶벵에돔 - 목줄, 장대, 잠수
▶볼락 - 릴찌, 장대, 루어
▶고등어 - 루어, 릴찌, 장대
▶벵에돔 - 목줄, 장대, 부력",05_적량마을 앞 해상.JPG,경상남도 남해군
128.0496667,34.9080277808858,S20073,F2034,214959,남해도 동부·신수도·창선도,송도 부근 해상,5.2~14.5,암,초들물~중날물,"▶참돔 - 부력, 잠수
▶농어 - 루어, 릴찌
▶노래미 - 루어, 릴찌, 장대, 원투
▶볼락 - 릴찌, 장대, 루어
▶우럭 - 릴찌, 원투",06_송도 부근 해상.JPG,경상남도 남해군
127.85975,34.7162500008836,S20074,F2035,214960,남해도 남부,항도 앞바다,22.6~27.3,암,초들물~중날물,"▶참돔 - 부력, 잠수
▶농어 - 루어, 릴찌
▶노래미 - 루어, 릴찌, 장대, 원투
▶볼락 - 릴찌, 장대, 루어
▶우럭 - 릴찌, 원투",01_항도 앞바다.JPG,경상남도 남해군
127.9035556,34.7171388908836,S20075,F2035,214961,남해도 남부,가천마을 앞바다,21.9~24.0,암,초들물~중날물,"▶참돔 - 부력, 잠수
▶농어 - 루어, 릴찌
▶노래미 - 루어, 릴찌, 장대, 원투
▶볼락 - 릴찌, 장대, 루어
▶우럭 - 릴찌, 원투",02_가천마을 앞바다.JPG,경상남도 남해군
128.0426944,34.6938611108834,S20076,F2035,214962,남해도 남부,조도부근 해상,22.6~24.3,"모래, 조개껍질",초들물~중날물,"▶참돔 - 부력, 잠수
▶농어 - 루어, 릴찌
▶노래미 - 루어, 릴찌, 장대, 원투
▶볼락 - 릴찌, 장대, 루어
▶우럭 - 릴찌, 원투",03_조도부근 해상.JPG,경상남도 남해군
125.680388899996,37.6285833309104,S20077,F2036,214963,두미도,청석골,5.0~16.1,펄,상관없음,"▶감성돔 - 릴찌, 장대, 원투
▶벵에돔 - 목줄, 장대, 부력, 잠수
▶노래미 - 루어, 릴찌, 장대, 원투
▶참돔 - 부력, 잠수
▶농어 - 루어, 릴찌
▶볼락 - 릴찌, 장대, 루어",01_청석골.JPG,경상남도 통영시
128.2040556,34.6946666708834,S20078,F2036,214964,두미도,남구마을 남측 해상,5.4~10.0,펄,상관없음,"▶감성돔 - 릴찌, 장대, 원투
▶벵에돔 - 목줄, 장대, 부력, 잠수
▶노래미 - 루어, 릴찌, 장대, 원투
▶참돔 - 부력, 잠수
▶농어 - 루어, 릴찌
▶볼락 - 릴찌, 장대, 루어",02_남구마을 남측 해상.JPG,경상남도 통영시
128.1843056,34.7111388908835,S20079,F2036,214965,두미도,북구마을 앞 해상,60,펄,상관없음,"▶감성돔 - 릴찌, 장대, 원투
▶벵에돔 - 목줄, 장대, 부력, 잠수
▶노래미 - 루어, 릴찌, 장대, 원투
▶참돔 - 부력, 잠수
▶농어 - 루어, 릴찌
▶볼락 - 릴찌, 장대, 루어",03_북구마을 앞 해상.JPG,경상남도 통영시
128.1778611,34.7121388908835,S20080,F2036,214966,두미도,고운마을 앞 해상,60,펄,상관없음,"▶감성돔 - 릴찌, 장대, 원투
▶벵에돔 - 목줄, 장대, 부력, 잠수
▶노래미 - 루어, 릴찌, 장대, 원투
▶참돔 - 부력, 잠수
▶농어 - 루어, 릴찌
▶볼락 - 릴찌, 장대, 루어",04_고문마을 앞 해상.JPG,경상남도 통영시
128.6355833,35.0188333308869,S20081,F2037,214967,칠천도·가조도,수야방도 서측 해상,7.0~10.2,펄,초들물~중날물,"▶감성돔 - 릴찌, 장대, 원투
▶노래미 - 루어, 릴찌, 장대, 원투
▶갑오징어 - 에깅
▶도다리 - 원투
▶볼락 - 릴찌, 장대, 루어",01_수야방도 서측 해상.JPG,경상남도 거제시
128.6279722,34.9735000008865,S20082,F2037,214968,칠천도·가조도,슬응도 부근 해상,11.6~13.8,"펄, 조개껍질",초들물~중날물,"▶감성돔 - 릴찌, 장대, 원투
▶노래미 - 루어, 릴찌, 장대, 원투
▶갑오징어 - 에깅
▶도다리 - 원투
▶볼락 - 릴찌, 장대, 루어",02_슬응도 부근 해상.JPG,경상남도 거제시
128.6442222,34.9756111108865,S20083,F2037,214969,칠천도·가조도,장안서 부근 해상,2.7~13.9,"펄, 조개껍질",초들물~중날물,"▶감성돔 - 릴찌, 장대, 원투
▶노래미 - 루어, 릴찌, 장대, 원투
▶갑오징어 - 에깅
▶도다리 - 원투
▶볼락 - 릴찌, 장대, 루어",03_장안서 부근 해상.JPG,경상남도 거제시
128.6238056,35.0058333308868,S20084,F2037,214970,칠천도·가조도,황덕도 부근 해상,6.0~13,펄,초들물~중날물,"▶감성돔 - 릴찌, 장대, 원투
▶노래미 - 루어, 릴찌, 장대, 원투
▶갑오징어 - 에깅
▶도다리 - 원투
▶볼락 - 릴찌, 장대, 루어",04_황덕도 부근 해상.JPG,경상남도 거제시
128.5011944,34.9597222208863,S20085,F2037,214971,칠천도·가조도,돌끝여 부근 해상,15.4~18.4,펄,초들물~중날물,"▶감성돔 - 릴찌, 장대, 원투
▶노래미 - 루어, 릴찌, 장대, 원투
▶갑오징어 - 에깅
▶도다리 - 원투
▶볼락 - 릴찌, 장대, 루어",05돌끝여 부근 해상.JPG,경상남도 거제시
128.5060556,34.9680000008865,S20086,F2037,214972,칠천도·가조도,마당서 부근 해상,15.3~16.7,펄,초들물~중날물,"▶감성돔 - 릴찌, 장대, 원투
▶노래미 - 루어, 릴찌, 장대, 원투
▶갑오징어 - 에깅
▶도다리 - 원투
▶볼락 - 릴찌, 장대, 루어",06_마당서 부근 해상.JPG,경상남도 거제시
128.5048889,34.9502222208862,S20087,F2037,214973,칠천도·가조도,만금여 부근 해상,12.6~15.3,펄,초들물~중날물,"▶감성돔 - 릴찌, 장대, 원투
▶노래미 - 루어, 릴찌, 장대, 원투
▶갑오징어 - 에깅
▶도다리 - 원투
▶볼락 - 릴찌, 장대, 루어",07_만금여 부근 해상.JPG,경상남도 거제시
128.4909722,34.7303888908838,S20088,F2038,214974,한산도·용초도,용머리 부근 해상,20.0~22.0,모래,초들물~중날물,"▶참돔 - 부력, 잠수
▶볼락 - 릴찌, 장대, 루어
▶노래미 - 루어, 릴찌, 장대, 원투
▶감성돔 - 릴찌, 장대, 원투
▶도다리 - 원투",01_용머리 부근 해상.JPG,부산광역시 강서구
128.5009722,34.7329444408838,S20089,F2038,214975,한산도·용초도,호두마을 남측 해상,15.0~16.8,"펄, 모래",초들물~중날물,"▶참돔 - 부력, 잠수
▶볼락 - 릴찌, 장대, 루어
▶노래미 - 루어, 릴찌, 장대, 원투
▶감성돔 - 릴찌, 장대, 원투
▶도다리 - 원투",02_호두마을 남측 해상.JPG,부산광역시 강서구
128.5189167,34.7294722208837,S20090,F2038,214976,한산도·용초도,죽도부근 해상,10.0~15.1,"펄, 모래",초들물~중날물,"▶참돔 - 부력, 잠수
▶볼락 - 릴찌, 장대, 루어
▶노래미 - 루어, 릴찌, 장대, 원투
▶감성돔 - 릴찌, 장대, 원투
▶도다리 - 원투",03_죽도부근 해상.JPG,부산광역시 강서구
128.4959444,34.7596944408841,S20091,F2038,214977,한산도·용초도,의암마을 앞바다,8.3~10.0,"펄, 조개껍질",초들물~중날물,"▶볼락 - 릴찌, 장대, 루어
▶고등어 - 루어, 릴찌, 장대
▶벵에돔 - 목줄, 장대, 잠수
▶볼락 - 릴찌, 장대, 루어
▶고등어 - 루어, 릴찌, 장대
▶벵에돔 - 목줄, 장대, 부력",04_의암마을 앞바다.JPG,부산광역시 강서구
128.843027800001,35.0211388908868,S20092,F2039,214978,가덕도,대항새바지에서 누릉여 사이 해상,10.0~11.6,암,5물~9물,"▶볼락 - 릴찌, 장대, 루어
▶고등어 - 루어, 릴찌, 장대
▶벵에돔 - 목줄, 장대, 부력, 잠수
▶볼락 - 릴찌, 장대, 루어
▶학꽁치 - 릴찌, 장대
▶감성돔 - 릴찌, 장대, 원투",01_대항새바지에서 누룽여 사이.JPG,부산광역시 강서구
128.852861100001,35.0501111108871,S20093,F2039,214979,가덕도,동선새바지에서 기도원 사이 해상,5.0~6.6,암,5물~9물,"▶볼락 - 릴찌, 장대, 루어
▶고등어 - 루어, 릴찌, 장대
▶벵에돔 - 목줄, 장대, 부력, 잠수
▶볼락 - 릴찌, 장대, 루어
▶학꽁치 - 릴찌, 장대
▶감성돔 - 릴찌, 장대, 원투",02_동선새바지에서 기도원 사이.JPG,부산광역시 강서구
129.091638900002,35.0380277808865,S20094,F2040,214980,영도,생도 부근,4.1~4.9,암,상관없음,"▶감성돔 - 릴찌, 장대, 원투
▶참돔 - 부력, 잠수
▶고등어 - 루어, 릴찌, 장대
▶벵에돔 - 목줄, 장대, 부력, 잠수
▶전갱이 - 루어, 릴찌, 장대
▶학꽁치 - 릴찌, 장대",01_생도 부근.JPG,부산광역시 영도구
130.854111100117,37.5429722208281,S20095,F2041,214981,울릉도,코끼리 바위 부근 해상,14.2~22.5,암,들물~초썰물,"▶벵에돔 - 목줄, 장대, 부력, 잠수
▶참돔 - 부력, 잠수",01_코끼리 바위 부근 해상.JPG,경상북도 울릉군
130.846472200116,37.456722220829,S20096,F2041,214982,울릉도,남양항 부근 해상,14.2~22.5,암,들물~초썰물,"▶참돔 - 부력, 잠수
▶부시리 - 부력, 잠수, 지깅
▶벵에돔 - 목줄, 장대, 부력, 잠수",02_남양항 부근 해상.JPG,경상북도 울릉군
126.2955556,33.9485833308743,S20097,F2042,214983,추자도,상추자도 남측 입표 부근,18.2~23.0,암,들물/썰물,"▶감성돔 - 릴찌, 장대, 원투
▶돌돔 - 민장대, 릴찌, 원투
▶자리돔 - 장대, 카드
▶농어 - 루어, 릴찌
▶볼락 - 루어, 릴찌, 장대
▶참돔 - 부력, 잠수",01_상추자도 남측 입표 부근.JPG,제주특별자치도 제주시
126.3140278,33.9379166708742,S20098,F2042,214984,추자도,섬도 남측 해상,14.2~18.7,암,들물/썰물,"▶감성돔 - 릴찌, 장대, 원투
▶돌돔 - 민장대, 릴찌, 원투
▶자리돔 - 장대, 카드
▶농어 - 루어, 릴찌
▶볼락 - 루어, 릴찌, 장대
▶참돔 - 부력, 잠수",02_섬도 남측 해상.JPG,제주특별자치도 제주시
127.4459978,34.2553127808782,S30060,F3020,215064,간수제도,소평도 해상,12.6~29.5m,펄,사리를 피한 조금 이후,"▶ 감성돔  -  릴찌, 장대, 원투
▶ 참돔  -  부력, 잠수
▶ 돌돔  -  릴찌, 장대, 원투
▶ 우럭  -  릴찌, 원투
▶ 노래미  -  루어, 릴찌, 장대, 원투
▶ 농어  -  루어, 릴찌
▶ 숭어  -  릴찌, 장대, 훌��",1. 소평도 해상.JPG,전라남도 여수시
127.4663047,34.234356670878,S30061,F3020,215065,간수제도,갈퀴섬 해상,14.8~29.5m,"펄, 모래",사리를 피한 조금 이후,"▶ 감성돔  -  릴찌, 장대, 원투
▶ 참돔  -  부력, 잠수
▶ 돌돔  -  릴찌, 장대, 원투
▶ 우럭  -  릴찌, 원투
▶ 노래미  -  루어, 릴찌, 장대, 원투
▶ 농어  -  루어, 릴찌
▶ 숭어  -  릴찌, 장대, 훌��",2. 갈퀴섬 해상.JPG,전라남도 여수시
127.5483258,34.2560130608782,S30062,F3020,215066,간수제도,소두역서 해상,28~32m,암,사리를 피한 조금 이후,"▶ 감성돔  -  릴찌, 장대, 원투
▶ 참돔  -  부력, 잠수
▶ 돌돔  -  릴찌, 장대, 원투
▶ 우럭  -  릴찌, 원투
▶ 노래미  -  루어, 릴찌, 장대, 원투
▶ 농어  -  루어, 릴찌
▶ 숭어  -  릴찌, 장대, 훌��",3. 소두역서 해상.JPG,전라남도 여수시
127.5336661,34.2492844408781,S30063,F3020,215067,간수제도,대두역서 해상,29~31m,펄,사리를 피한 조금 이후,"▶ 감성돔  -  릴찌, 장대, 원투
▶ 참돔  -  부력, 잠수
▶ 돌돔  -  릴찌, 장대, 원투
▶ 우럭  -  릴찌, 원투
▶ 노래미  -  루어, 릴찌, 장대, 원투
▶ 농어  -  루어, 릴찌
▶ 숭어  -  릴찌, 장대, 훌��",4. 대두역서 해상.JPG,전라남도 여수시
127.3828069,34.0612652808759,S30064,F3021,215068,대삼부도,노루섬 인근 해상,14.8~16.8m,암,10물~13물,"▶ 벵에돔  -  목줄, 장대, 부력, 잠수
▶ 참돔  -  부력, 잠수
▶ 돌돔  -  릴찌, 장대, 원투
▶ 감성돔  -  릴찌, 장대, 원투
▶ 농어  -  루어, 릴찌
▶ 쏨벵이  -  루어, 릴찌",1. 노루섬 인근 해상.JPG,전라남도 여수시
127.3872136,34.0524122208757,S30065,F3021,215069,대삼부도,무구여 인근 해상,13.8~19.6m,암,10물~13물,"▶ 벵에돔  -  목줄, 장대, 부력, 잠수
▶ 참돔  -  부력, 잠수
▶ 돌돔  -  릴찌, 장대, 원투
▶ 감성돔  -  릴찌, 장대, 원투
▶ 농어  -  루어, 릴찌
▶ 쏨벵이  -  루어, 릴찌",2. 무구여 인근 해상.JPG,전라남도 여수시
127.8065253,34.4649044408807,S30066,F3022,215070,연도,신강서 인근 해상,26~29.5m,암,"초들물, 초날물, 조금 전·후","▶ 참돔  -  부력, 잠수
▶ 감성돔  -  릴찌, 장대, 원투
▶ 볼락  -  릴찌, 장대, 루어
▶ 농어,  삼치  -  루어, 릴찌
▶ 돌돔  -  민장대, 릴찌, 원투
▶ 갑오징어  -  에깅",1. 신강서 인근 해상.JPG,전라남도 여수시
127.8085889,34.4297405608803,S30067,F3022,215071,연도,동부앞 인근 해상,9.7~28m,암,"초들물, 초날물, 조금 전·후","▶ 참돔  -  부력, 잠수
▶ 감성돔  -  릴찌, 장대, 원투
▶ 볼락  -  릴찌, 장대, 루어
▶ 농어,  삼치  -  루어, 릴찌
▶ 돌돔  -  민장대, 릴찌, 원투
▶ 갑오징어  -  에깅",2. 동부앞 인근 해상.JPG,전라남도 여수시
127.8069956,34.40797556088,S30068,F3022,215072,연도,소룡단 인근 해상,34~47m,암,"초들물, 초날물, 조금 전·후","▶ 참돔  -  부력, 잠수
▶ 감성돔  -  릴찌, 장대, 원투
▶ 볼락  -  릴찌, 장대, 루어
▶ 농어,  삼치  -  루어, 릴찌
▶ 돌돔  -  민장대, 릴찌, 원투
▶ 갑오징어  -  에깅",3. 소룡단 인근 해상.JPG,전라남도 여수시
127.7934903,34.4141155608801,S30069,F3022,215073,연도,덕포앞 해상,0.7~3.1m,암,"초들물, 초날물, 조금 전·후","▶ 참돔  -  부력, 잠수
▶ 감성돔  -  릴찌, 장대, 원투
▶ 볼락  -  릴찌, 장대, 루어
▶ 농어,  삼치  -  루어, 릴찌
▶ 돌돔  -  민장대, 릴찌, 원투
▶ 갑오징어  -  에깅",4. 덕포앞 해상.JPG,전라남도 여수시
127.7965222,34.4295938908803,S30070,F3022,215074,연도,역포항 인근 해상,0.8~1.1m,암,"초들물, 초날물, 조금 전·후","▶ 참돔  -  부력, 잠수
▶ 감성돔  -  릴찌, 장대, 원투
▶ 볼락  -  릴찌, 장대, 루어
▶ 농어,  삼치  -  루어, 릴찌
▶ 돌돔  -  민장대, 릴찌, 원투
▶ 갑오징어  -  에깅",5. 역포항 인근 해상.JPG,전라남도 여수시
127.7925775,34.4411136108804,S30071,F3022,215075,연도,땅포앞 인근 해상,9.7~23.5m,암,"초들물, 초날물, 조금 전·후","▶ 참돔  -  부력, 잠수
▶ 감성돔  -  릴찌, 장대, 원투
▶ 볼락  -  릴찌, 장대, 루어
▶ 농어,  삼치  -  루어, 릴찌
▶ 돌돔  -  민장대, 릴찌, 원투
▶ 갑오징어  -  에깅",6.  땅포앞 인근 해상.JPG,전라남도 여수시
128.0517994,34.9278119408861,S30072,F3024,215076,진주만 부근,삼천포대교 밑,10.4~11.1m,암,"13물-4물, 초들물","▶ 감성돔  -  릴찌, 장대, 원투
▶ 노래미  -  루어, 릴찌, 장대, 원투
▶ 볼락  -  릴찌, 장대, 루어
▶ 농어  -  루어, 릴찌
▶ 도다리  -  원투
▶ 갑오징어  -  에깅",1. 삼천포대교 밑.JPG,경상남도 고성군
128.2849456,34.8883108308856,S30073,F3025,215077,자란만 부근,두도 해상,7.5~7.6m,암,조금 전후,"▶ 갑오징어  -  에깅
▶ 감성돔  -  릴찌, 장대, 원투
▶ 노래미  -  루어, 릴찌, 장대, 원투
▶ 벵에돔  -  목줄, 장대, 부력, 잠수
▶ 참돔  -  부력, 잠수
▶ 볼락  -  릴찌, 장대, 루어
▶ 농어  -  루�",1. 두도 해상.JPG,경상남도 고성군
128.3035167,34.746140000884,S30074,F3026,215078,추도 부근,개바위 끝 부근,21~23.5m,암,6물~8물,"▶ 볼락 - 릴찌, 장대, 루어
▶ 우럭 - 릴찌, 원투
▶ 쭈꾸미 - 릴찌, 원투
▶ 광어 - 릴찌, 원투
▶ 감성돔 - 릴찌, 장대, 원투
▶ 벵에돔 - 목줄, 장대, 부력, 잠수
▶ 참돔 - 부력, 잠수",1. 개바위 끝 부근.JPG,경상남도 통영시
128.3003,34.7587000008841,S30075,F3026,215079,추도 부근,대항승선장부근 해상,21~23.5m,암,6물~8물,"▶ 볼락 - 릴찌, 장대, 루어
▶ 우럭 - 릴찌, 원투
▶ 쭈꾸미 - 릴찌, 원투
▶ 광어 - 릴찌, 원투
▶ 감성돔 - 릴찌, 장대, 원투
▶ 벵에돔 - 목줄, 장대, 부력, 잠수
▶ 참돔 - 부력, 잠수",2. 대항승선장부근 해상.jpg,경상남도 통영시
128.3053683,34.7580875008841,S30076,F3026,215080,추도 부근,흰여 부근,4.0~13.5m,암,6물~8물,"▶ 볼락 - 릴찌, 장대, 루어
▶ 우럭 - 릴찌, 원투
▶ 쭈꾸미 - 릴찌, 원투
▶ 광어 - 릴찌, 원투
▶ 감성돔 - 릴찌, 장대, 원투
▶ 벵에돔 - 목줄, 장대, 부력, 잠수
▶ 참돔 - 부력, 잠수",3. 흰여 부근.jpg,경상남도 통영시
128.3633197,34.6704427808831,S30077,F3027,215081,연화도 부근,우서부근 해상,5.6~6.0m,암,"초들물, 초날물, 5물~6물, 조금","▶ 참돔 - 부력, 잠수
▶ 감성돔 - 릴찌, 장대, 원투
▶ 볼락 - 릴찌, 장대, 루어
▶ 벵에돔 - 목줄, 장대, 부력, 잠수
▶ 농어 - 루어, 릴찌",1. 우서부근 해상.JPG,경상남도 통영시
128.3710639,34.6443391708828,S30078,F3027,215082,연화도 부근,연화도 방파제 인근해상,12~18.3m,암,"초들물, 초날물, 5물~6물, 조금","▶ 참돔 - 부력, 잠수
▶ 감성돔 - 릴찌, 장대, 원투
▶ 볼락 - 릴찌, 장대, 루어
▶ 벵에돔 - 목줄, 장대, 부력, 잠수
▶ 농어 - 루어, 릴찌",2. 연화도 방파제 인근해상.JPG,경상남도 통영시
128.3489803,34.6525355608828,S30079,F3027,215083,연화도 부근,연화항 부근 해상,9.7~18m,암,"초들물, 초날물, 5물~6물, 조금","▶ 참돔 - 부력, 잠수
▶ 감성돔 - 릴찌, 장대, 원투
▶ 볼락 - 릴찌, 장대, 루어
▶ 벵에돔 - 목줄, 장대, 부력, 잠수
▶ 농어 - 루어, 릴찌",3. 연화항 부근 해상.JPG,경상남도 통영시
128.3505564,34.6527216708829,S30080,F3027,215084,연화도 부근,연화항 부근 해상,4.4~9.7m,암,"초들물, 초날물, 5물~6물, 조금","▶ 참돔 - 부력, 잠수
▶ 감성돔 - 릴찌, 장대, 원투
▶ 볼락 - 릴찌, 장대, 루어
▶ 벵에돔 - 목줄, 장대, 부력, 잠수
▶ 농어 - 루어, 릴찌",4. 연화항 부근 해상.JPG,경상남도 통영시
128.1826194,34.5729475008819,S30081,F3028,215085,갈도 부근,갈도 북측,11.6~11.8m,"모래, 조개껍질","2물~8물, 사리전후","▶ 감성돔 - 릴찌, 장대, 원투
▶ 돌돔 - 릴찌, 장대, 원투
▶ 볼락 - 릴찌, 장대, 루어 
▶ 무늬오징어 - 릴찌, 에깅",1. 갈도 북측.JPG,경상남도 통영시
128.1808831,34.5576616708818,S30082,F3028,215086,갈도 부근,귀신여 우측 하단,14.5~15.9m,암,"2물~8물, 사리전후","▶ 감성돔 - 릴찌, 장대, 원투
▶ 돌돔 - 릴찌, 장대, 원투
▶ 볼락 - 릴찌, 장대, 루어 
▶ 무늬오징어 - 릴찌, 에깅",2. 귀신여 우측 하단.JPG,경상남도 통영시
128.468675,35.0775444408876,S30083,F3030,215087,당항포 부근,동진교 해상,7~15.8m,모래,조금전후,"▶ 도다리 - 원투
▶ 노래미 - 루어, 릴찌, 장대, 원투
▶ 볼락 - 릴찌, 장대, 루어
▶ 감성돔 - 릴찌, 장대, 원투
▶ 갑오징어 - 에깅",1. 동진교 해상.jpg,경상남도 고성군
128.4505306,35.0725750008876,S30084,F3030,215088,당항포 부근,카페이안펜션 해상,13.7~17m,"펄, 모래",조금전후,"▶ 도다리 - 원투
▶ 노래미 - 루어, 릴찌, 장대, 원투
▶ 볼락 - 릴찌, 장대, 루어
▶ 감성돔 - 릴찌, 장대, 원투
▶ 갑오징어 - 에깅",2. 카페이안펜션 해상.jpg,경상남도 고성군
128.973775800001,35.0332675008867,S30085,F3032,215089,부산항 부근,몰운대 전망대 해상,11.7~15m,펄,"조금전후, 1물~5물","▶ 쥐노래미 - 루어, 릴찌, 장대, 원투
▶ 고등어 - 장대, 릴찌, 루어
▶ 벵에돔 - 목줄, 장대, 부력, 잠수
▶ 숭어 - 릴찌, 장대, 훌치기
▶ 감성돔 - 릴찌, 장대, 원투
▶ 참돔 - 부력, 잠수
▶ 부시��",1. 몰운대 전망대 해상.JPG,부산광역시 영도구
129.138451900002,35.1512875008875,S30086,F3033,215090,수영만 부근,광안대교 인근 해상,8.2~9.7m,"펄,모래",6물~8물,"▶ 도다리 - 원투
▶ 붕장어 - 원투
▶ 학꽁치 - 릴찌, 장대
▶ 무늬오징어 - 에깅
▶ 망상어 - 민장대, 릴찌",1. 광안대교 인근 해상.jpg,부산광역시 남구
129.170659200002,35.1512738908875,S30087,F3033,215091,수영만 부근,앞산초 인근 해상,8.2~9.7m,암,6물~8물,"▶ 도다리 - 원투
▶ 붕장어 - 원투
▶ 학꽁치 - 릴찌, 장대
▶ 무늬오징어 - 에깅
▶ 망상어 - 민장대, 릴찌",2. 앞산초 인근 해상.jpg,부산광역시 남구
129.194562800003,35.1592691708875,S30088,F3033,215092,수영만 부근,청사포항 인근 해상,8.2~9.7m,암,6물~8물,"▶ 도다리 - 원투
▶ 붕장어 - 원투
▶ 학꽁치 - 릴찌, 장대
▶ 무늬오징어 - 에깅
▶ 망상어 - 민장대, 릴찌",3. 청사포항 인근 해상.jpg,부산광역시 남구
124.729472199961,37.8317777808872,S10001,F1001,214747,대청도·소청도,선진포항 앞바다,13m~20m,가는 모래,조금 전후,"▶넙치 - 루어, 원투 
▶노래미 - 루어, 릴찌, 장대, 원투
▶농어 - 루어, 릴찌 
▶삼치 - 루어, 릴찌
▶쏨뱅이 - 루어, 릴찌 
▶우럭 - 릴찌, 원투",,인천광역시 옹진군
124.780222199965,37.7772777808896,S10002,F1001,214748,대청도·소청도,곽암 부근,23m~29m,"자갈, 조개껍질",조금 전후,"▶넙치 - 루어, 원투 
▶노래미 - 루어, 릴찌, 장대, 원투
▶농어 - 루어, 릴찌 
▶삼치 - 루어, 릴찌
▶쏨뱅이 - 루어, 릴찌 
▶우럭 - 릴찌, 원투",,인천광역시 옹진군
124.733749999962,37.7515000008869,S10003,F1001,214749,대청도·소청도,가두암 부근,26m~30m,가는 모래,조금 전후,"▶넙치 - 루어, 원투 
▶노래미 - 루어, 릴찌, 장대, 원투
▶농어 - 루어, 릴찌 
▶삼치 - 루어, 릴찌
▶쏨뱅이 - 루어, 릴찌 
▶우럭 - 릴찌, 원투",,인천광역시 옹진군
124.664083299956,37.8012777808829,S10004,F1001,214750,대청도·소청도,갑죽도 부근,22m~27m,"모래, 조개껍질",조금 전후,"▶넙치 - 루어, 원투 
▶노래미 - 루어, 릴찌, 장대, 원투
▶농어 - 루어, 릴찌 
▶삼치 - 루어, 릴찌
▶쏨뱅이 - 루어, 릴찌 
▶우럭 - 릴찌, 원투",04_갑죽도 부근.JPG,인천광역시 옹진군
126.3179722,37.5228333309115,S10005,F1002,214751,장봉도,비가지(날가지도) 부근,6m~11m,"모래, 펄","조금 전·후, 3물~5물","▶넙치 - 루어, 원투 
▶노래미 - 루어, 릴찌, 장대, 원투
▶망둑어 - 원투 
▶숭어 - 릴찌, 장대, 훌치기
▶우럭 - 릴찌, 원투",,인천광역시 옹진군
126.3976667,37.5381111109117,S10006,F1002,214752,장봉도,부도 부근,10m~15m,모래,"조금 전·후, 3물~5물","▶넙치 - 루어, 원투 
▶노래미 - 루어, 릴찌, 장대, 원투
▶망둑어 - 원투 
▶숭어 - 릴찌, 장대, 훌치기
▶우럭 - 릴찌, 원투",02_부도 부근.JPG,인천광역시 옹진군
126.2794167,37.2778611109093,S10007,F1003,214753,자월도,묵통도 부근,12.5m~14m,모래,"들물, 날물","▶농어 - 루어, 릴찌 
▶우럭 - 릴찌, 원투",,인천광역시 옹진군
126.3135556,37.2695277809094,S10008,F1003,214754,자월도,입암두 앞바다,8m~10m,모래,"들물, 날물","▶농어 - 루어, 릴찌 
▶우럭 - 릴찌, 원투",,인천광역시 옹진군
126.3533056,37.2584722209093,S10009,F1003,214755,자월도,굴뿌리 앞바다,27m~30m,모래,"들물, 날물","▶농어 - 루어, 릴찌 
▶우럭 - 릴찌, 원투",,인천광역시 옹진군
126.31875,37.2396111109091,S10010,F1003,214756,자월도,월암두(부근여) 부근,13m~17m,"조개껍질, 펄","들물, 날물","▶농어 - 루어, 릴찌 
▶우럭 - 릴찌, 원투",04_월암두 부근.JPG,인천광역시 옹진군
126.073222199999,37.2783888909091,S10011,F1004,214757,덕적도·소야도,선미도 부근,10m~15m,모래,조금 전·후,"▶넙치 - 루어, 원투 
▶노래미 - 루어, 릴찌, 장대, 원투
▶농어 - 루어, 릴찌 
▶붕장어 - 원투
▶우럭 - 루어, 릴찌",01_선미도 부근.JPG,인천광역시 옹진군
126.086888899999,37.259305560909,S10012,F1004,214758,덕적도·소야도,단탄 부근,12m~17m,모래,조금 전·후,"▶넙치 - 루어, 원투 
▶노래미 - 루어, 릴찌, 장대, 원투
▶농어 - 루어, 릴찌 
▶붕장어 - 원투
▶우럭 - 루어, 릴찌",,인천광역시 옹진군
126.080888899999,37.2161111109086,S10013,F1004,214759,덕적도·소야도,용담갑 앞바다,30m~35m,가는모래,조금 전·후,"▶넙치 - 루어, 원투 
▶노래미 - 루어, 릴찌, 장대, 원투
▶농어 - 루어, 릴찌 
▶붕장어 - 원투
▶우럭 - 루어, 릴찌",,인천광역시 옹진군
126.099888899999,37.2056388909085,S10014,F1004,214760,덕적도·소야도,감증탄 부근,6m~10m,바위,조금 전·후,"▶넙치 - 루어, 원투 
▶노래미 - 루어, 릴찌, 장대, 원투
▶농어 - 루어, 릴찌 
▶붕장어 - 원투 
▶우럭 - 루어, 릴찌",,인천광역시 옹진군
126.210611099999,37.1945277809086,S10015,F1005,214761,이작도·승봉도,벌도와 동백도 사이,20m~27m,가는 모래,,"▶노래미 - 루어, 릴찌, 장대, 원투 
▶숭어 - 릴찌, 장대, 훌치기
▶농어 - 루어, 릴찌 
▶넙치 - 루어, 원투 
▶우럭 - 릴찌, 원투",,인천광역시 옹진군
126.220083299999,37.1988055609087,S10016,F1005,214762,이작도·승봉도,동백도 동측 앞바다,47m~50m,가는 모래,,"▶노래미 - 루어, 릴찌, 장대, 원투 
▶숭어 - 릴찌, 장대, 훌치기
▶농어 - 루어, 릴찌 
▶넙치 - 루어, 원투 
▶우럭 - 릴찌, 원투",,인천광역시 옹진군
126.2604167,37.1855000009086,S10017,F1005,214763,이작도·승봉도,오형제바위 앞바다,13m~22m,펄,,"▶넙치 - 루어, 원투 
▶노래미 - 루어, 릴찌, 장대, 원투
▶농어 - 루어, 릴찌 
▶숭어 - 릴찌, 장대, 훌치기 
▶우럭 - 릴찌, 원투",,인천광역시 옹진군
126.2879444,37.1613888909084,S10018,F1005,214764,이작도·승봉도,송곳부리 앞바다,8.4m~10m,"모래, 펄, 조개껍질",,"▶넙치 - 루어, 원투 
▶노래미 - 루어, 릴찌, 장대, 원투
▶농어 - 루어, 릴찌 
▶숭어 - 릴찌, 장대, 훌치기 
▶우럭 - 릴찌, 원투",,인천광역시 옹진군
126.2559722,37.1651944409084,S10019,F1005,214765,이작도·승봉도,작은풀안해수욕장 앞바다,17m~20m,"모래, 펄",,"▶넙치 - 루어, 원투 
▶노래미 - 루어, 릴찌, 장대, 원투
▶농어 - 루어, 릴찌 
▶숭어 - 릴찌, 장대, 훌치기 
▶우럭 - 릴찌, 원투",,인천광역시 옹진군
126.2463333,37.1802222209084,S10020,F1005,214766,이작도·승봉도,선착장 앞바다,10m~17m,"모래, 펄",,"▶넙치 - 루어, 원투 
▶노래미 - 루어, 릴찌, 장대, 원투
▶농어 - 루어, 릴찌 
▶숭어 - 릴찌, 장대, 훌치기 
▶우럭 - 릴찌, 원투",,인천광역시 옹진군
126.089333299999,37.2036388909084,S10021,F1006,214767,문갑도·선갑도,문갑도 감증탄 부근,14.5m~18m,가는 모래,조금 전·후,"▶넙치 - 루어, 원투 
▶노래미 - 루어, 릴찌, 장대, 원투 
▶농어 - 루어, 릴찌 
▶우럭 - 릴찌, 원투",,인천광역시 옹진군
126.121249999999,37.1867222209084,S10022,F1006,214768,문갑도·선갑도,문갑도 할미취 부근,7.8m~10m,가는 모래,조금 전·후,"▶넙치 - 루어, 원투 
▶노래미 - 루어, 릴찌, 장대, 원투 
▶농어 - 루어, 릴찌 
▶우럭 - 릴찌, 원투",02_문갑도 할미취 부근.JPG,인천광역시 옹진군
126.043694399999,37.0923611109074,S10023,F1006,214769,문갑도·선갑도,선갑도 서측 바다,35m~40m,가는 모래,조금 전·후,"▶넙치 - 루어, 원투 
▶노래미 - 루어, 릴찌, 장대, 원투 
▶농어 - 루어, 릴찌 
▶우럭 - 릴찌, 원투",,인천광역시 옹진군
126.080972199999,37.0587222209072,S10024,F1006,214770,문갑도·선갑도,선갑도 우두암 부근,36m~39m,"펄, 모래",조금 전·후,"▶넙치 - 루어, 원투 
▶노래미 - 루어, 릴찌, 장대, 원투 
▶농어 - 루어, 릴찌 
▶우럭 - 릴찌, 원투",,인천광역시 옹진군
125.946138899998,37.0646666709069,S10025,F1007,214771,백아도·굴업도,백아도 오도 부근,6.2m~10m,펄,"1~3물, 조금 전·후","▶넙치 - 루어, 원투 
▶노래미 - 루어, 릴찌, 장대, 원투
▶농어 - 루어, 릴찌 
▶붕장어 - 원투 
▶우럭 - 릴찌, 원투",,인천광역시 옹진군
125.968722199999,37.0568611109069,S10026,F1007,214772,백아도·굴업도,백아도 광대도 부근,3.8m~5.2m,"모래, 펄","1~3물, 조금 전·후","▶넙치 - 루어, 원투 
▶노래미 - 루어, 릴찌, 장대, 원투
▶농어 - 루어, 릴찌 
▶붕장어 - 원투
▶우럭 - 릴찌, 원투",02_백아도 광대도 부근.JPEG,인천광역시 옹진군
125.999194399999,37.1988333309083,S10027,F1007,214773,백아도·굴업도,굴업도 동뿌리 앞바다,40m~43m,가는 모래,"1~3물, 조금 전·후","▶넙치 - 루어, 원투 
▶노래미 - 루어, 릴찌, 장대, 원투
▶농어 - 루어, 릴찌 
▶붕장어 - 원투
▶우럭 - 릴찌, 원투",03_굴업도 동뿌리 앞바다.JPEG,인천광역시 옹진군
125.980499999999,37.180138890908,S10028,F1007,214774,백아도·굴업도,굴업도 항도 부근,5m~6.2m,펄,"1~3물, 조금 전·후","▶넙치 - 루어, 원투 
▶노래미 - 루어, 릴찌, 장대, 원투
▶농어 - 루어, 릴찌 
▶붕장어 - 원투
▶우럭 - 릴찌, 원투",,인천광역시 옹진군
126.5273056,37.1224444409082,S10029,F1010,214775,입파도·국화도,입파도 학산서 부근,15m~18m,"펄, 모래",조금 전·후,"▶넙치 - 루어, 원투 
▶노래미 - 루어, 릴찌, 장대, 원투
▶도다리 - 원투 
▶붕장어 - 원투
▶우럭 - 릴찌, 원투",,경기도 화성시
126.5227778,37.0929166709079,S10030,F1010,214776,입파도·국화도,입파도 남서측 바다,31m~34m,"펄, 모래",조금 전·후,"▶넙치 - 루어, 원투 
▶노래미 - 루어, 릴찌, 장대, 원투
▶도다리 - 원투 
▶붕장어 - 원투
▶우럭 - 릴찌, 원투",,경기도 화성시
126.5634444,37.0807222209078,S10031,F1010,214777,입파도·국화도,국화도 북동측 바다,24.5m~30m,모래,조금 전·후,"▶넙치 - 루어, 원투 
▶노래미 - 루어, 릴찌, 장대, 원투
▶도다리 - 원투 
▶붕장어 - 원투
▶우럭 - 릴찌, 원투",,경기도 화성시
126.5455556,37.0492222209075,S10032,F1010,214778,입파도·국화도,국화도 등표 부근,24m~28m,펄,조금 전·후,"▶넙치 - 루어, 원투 
▶노래미 - 루어, 릴찌, 장대, 원투
▶도다리 - 원투 
▶붕장어 - 원투
▶우럭 - 릴찌, 원투",04_국화도 등표 부근.JPEG,경기도 화성시
126.4002778,37.1211388909081,S10033,F1011,214779,풍도·난지도,풍도 북동측 바다,25m~27m,"자갈, 조개껍질",사리 전·후,"▶넙치 - 루어, 원투 
▶노래미 - 루어, 릴찌, 장대, 원투
▶농어 - 루어, 릴찌 
▶붕장어 - 원투 
▶우럭 - 릴찌, 원투",,경기도 안산시
126.4128611,37.0841944409077,S10034,F1011,214780,풍도·난지도,풍도 남동측 바다,26m~28m,모래,사리 전·후,"▶넙치 - 루어, 원투 
▶노래미 - 루어, 릴찌, 장대, 원투
▶농어 - 루어, 릴찌 
▶붕장어 - 원투
▶우럭 - 릴찌, 원투",,경기도 안산시
126.3785556,37.0853055609078,S10035,F1011,214781,풍도·난지도,풍도 남서측 바다,18m~20m,모래,사리 전·후,"▶넙치 - 루어, 원투 
▶노래미 - 루어, 릴찌, 장대, 원투
▶농어 - 루어, 릴찌 
▶붕장어 - 원투
▶우럭 - 릴찌, 원투",,경기도 안산시
126.4113056,37.0571944409076,S10036,F1011,214782,풍도·난지도,대난지도 철도 부근,12m~16m,모래,"만조, 간조 전·후","▶넙치 - 루어, 원투 
▶농어 - 루어, 릴찌
▶도다리 - 원투 
▶우럭 - 릴찌, 원투
▶붕장어 - 원투",04_대잔지도 철도 부근.JPEG,경기도 안산시
126.4495833,37.0282222209073,S10037,F1011,214783,풍도·난지도,소난지도 우모도 부근,23m~24m,모래,"만조, 간조 전·후","▶넙치 - 루어, 원투 
▶농어 - 루어, 릴찌
▶도다리 - 원투 
▶우럭 - 릴찌, 원투
▶붕장어 - 원투",05_소난지도 우모도 부근.JPEG,경기도 안산시
126.4298889,37.0282500009072,S10038,F1011,214784,풍도·난지도,소난지도 비경도 부근,25m~28m,모래,"만조, 간조 전·후","▶넙치 - 루어, 원투 
▶농어 - 루어, 릴찌
▶도다리 - 원투 
▶우럭 - 릴찌, 원투
▶붕장어 - 원투",,경기도 안산시
126.4218889,36.3904444409013,S10039,F1012,214785,원산도·삽시도,증도 부근,3.8m~5.6m,모래,들물 전·후,"▶감성돔 - 릴찌, 장대, 원투 
▶갑오징어 - 에깅
▶넙치 - 루어, 원투 
▶농어 - 루어, 릴찌
▶우럭 - 릴찌, 원투 
▶주꾸미 - 루어",,충청남도 보령시
126.3892222,36.3406944409008,S10040,F1012,214786,원산도·삽시도,납작도 부근,6.3m~8.3m,"펄, 모래",들물 전·후,"▶감성돔 - 릴찌, 장대, 원투 
▶갑오징어 - 에깅
▶넙치 - 루어, 원투 
▶농어 - 루어, 릴찌
▶우럭 - 릴찌, 원투 
▶주꾸미 - 루어",,충청남도 보령시
126.3311389,36.3439722209008,S10041,F1012,214787,원산도·삽시도,면삽지 앞바다,5.2m~6.1m,"모래, 조개껍질",조금 전·후,"▶감성돔 - 릴찌, 장대, 원투 
▶갑오징어 - 에깅
▶넙치 - 루어, 원투 
▶농어 - 루어, 릴찌
▶우럭 - 릴찌, 원투
▶주꾸미 - 루어",,충청남도 보령시
126.3168333,36.361638890901,S10042,F1012,214788,원산도·삽시도,물건서 부근,15m~19m,"모래, 펄",조금 전·후,"▶감성돔 - 릴찌, 장대, 원투 
▶갑오징어 - 에깅
▶넙치 - 루어, 원투 
▶농어 - 루어, 릴찌
▶우럭 - 릴찌, 원투 
▶주꾸미 - 루어",,충청남도 보령시
126.2502222,36.3132222209004,S10043,F1013,214789,호도·녹도·외연도,명덕도 부근,17m~22m,모래,초들물,"▶감성돔 - 릴찌, 장대, 원투 
▶갑오징어 - 에깅
▶넙치 - 루어, 원투 
▶농어 - 루어, 릴찌
▶노래미 - 루어, 릴찌, 장대, 원투 
▶우럭 - 릴찌, 원투",,충청남도 보령시
126.2794722,36.2658333309001,S10044,F1013,214790,호도·녹도·외연도,석도 부근,6.8m~9m,모래,초들물,"▶감성돔 - 릴찌, 장대, 원투 
▶갑오징어 - 에깅
▶넙치 - 루어, 원투 
▶농어 - 루어, 릴찌
▶노래미 - 루어, 릴찌, 장대, 원투
▶우럭 - 릴찌, 원투",02_석도 부근.JPEG,충청남도 보령시
126.2771111,36.2563611108999,S10045,F1013,214791,호도·녹도·외연도,소화사도 부근,11m~15m,"펄, 모래",조금 전·후,"▶감성돔 - 릴찌, 장대, 원투 
▶갑오징어 - 에깅
▶넙치 - 루어, 원투 
▶농어 - 루어, 릴찌
▶노래미 - 루어, 릴찌, 장대, 원투 
▶우럭 - 릴찌, 원투",,충청남도 보령시
126.2473333,36.2717777809,S10046,F1013,214792,호도·녹도·외연도,모도 부근,13.7m~16m,모래,초들물,"▶감성돔 - 릴찌, 장대, 원투 
▶갑오징어 - 에깅
▶넙치 - 루어, 원투 
▶농어 - 루어, 릴찌
▶노래미 - 루어, 릴찌, 장대, 원투 
▶우럭 - 릴찌, 원투",,충청남도 보령시
126.064555599999,36.2316111108994,S10047,F1013,214793,호도·녹도·외연도,흑서 부근,14m~16m,펄,조금 전·후,"▶감성돔 - 릴찌, 장대, 원투 
▶갑오징어 - 에깅
▶넙치 - 루어, 원투 
▶노래미 - 루어, 릴찌, 장대, 원투
▶농어 - 루어, 릴찌 
▶우럭 - 릴찌, 원투 
▶참돔 - 부력, 잠수",,충청남도 보령시
126.087222199999,36.2020833308992,S10048,F1013,214794,호도·녹도·외연도,초망서 부근,21.5m~27.5m,"펄, 조개껍질",조금 전·후,"▶감성돔 - 릴찌, 장대, 원투 
▶갑오징어 - 에깅
▶넙치 - 루어, 원투
▶노래미 - 루어, 릴찌, 장대, 원투
▶농어 - 루어, 릴찌
▶우럭 - 릴찌, 원투 
▶참돔 - 부력, 잠수",,충청남도 보령시
125.972972199999,36.1322222208982,S10049,F1014,214795,어청도·연도,어청도 등대 북쪽 부근,44m~50m,펄,"들물, 날물","▶농어 - 루어, 릴찌 
▶노래미 - 장대, 루어, 릴찌, 원투
▶돌돔 - 릴찌, 장대, 원투 
▶우럭 - 릴찌, 원투",,전라북도 군산시
126.001666699999,36.1210000008981,S10050,F1014,214796,어청도·연도,어청도 한우담 앞바다,41m~47m,모래,"들물, 날물","▶농어 - 루어, 릴찌 
▶노래미 - 루어, 릴찌, 장대, 원투
▶돌돔 - 릴찌, 장대, 원투 
▶우럭 - 릴찌, 원투",,전라북도 군산시
125.994722199999,36.105833330898,S10051,F1014,214797,어청도·연도,어청도 가진서 부근,22m~30m,모래,"들물, 날물","▶넙치 - 루어, 원투 
▶농어 - 루어, 릴찌
▶돌돔 - 릴찌, 장대, 원투 
▶방어 - 부력, 잠수, 지깅",03_어청도 가진서 부근.JPEG,전라북도 군산시
126.4265556,36.0905277808984,S10052,F1014,214798,어청도·연도,연도 북서쪽 부근,10m~14m,모래,"들물, 날물","▶감성돔 - 릴찌, 장대, 원투 
▶넙치 - 루어, 원투
▶농어 - 루어, 릴찌 
▶보구치 - 원투
▶우럭 - 릴찌, 원투 
▶장대 - 루어, 릴찌",,전라북도 군산시
126.217583299999,36.0022777808973,S10053,F1015,214799,십이동파도·비안도,십이동파도 북도 북서측 바다,51m~53m,"펄, 모래",조금 전·후,"▶감성돔 - 릴찌, 장대, 원투 
▶갑오징어 - 에깅
▶넙치 - 루어, 원투 
▶노래미 - 루어, 릴찌, 장대, 원투
▶농어 - 루어, 릴찌 
▶우럭 - 릴찌, 원투 
▶참돔 - 부력, 잠수",,전라북도 군산시
126.227916699999,35.9788333308971,S10054,F1015,214800,십이동파도·비안도,십이동파도 소금도 남서측 바다,27m~29.3m,"펄, 조개껍질",들물 전·후,"▶감성돔 - 릴찌, 장대, 원투 
▶갑오징어 - 에깅
▶넙치 - 루어, 원투 
▶노래미 - 루어, 릴찌, 장대, 원투
▶농어 - 루어, 릴찌 
▶우럭 - 릴찌, 원투 
▶참돔 - 부력, 잠수",,전라북도 군산시
126.4658611,35.7450277808949,S10055,F1015,214801,십이동파도·비안도,비안도 두리도 부근,4.3m~5.1m,가는 모래,들물 전·후,"▶넙치 - 루어, 원투 
▶노래미 - 루어, 릴찌, 장대, 원투
▶농어 - 루어, 릴찌 
▶붕장어 - 원투
▶우럭 - 릴찌, 원투",,전라북도 군산시
126.4573056,35.7281944408947,S10056,F1015,214802,십이동파도·비안도,비안도 치두도 부근,8.3m~9.2m,"모래, 펄",들물 전·후,"▶넙치 - 루어, 원투 
▶노래미 - 루어, 릴찌, 장대, 원투
▶농어 - 루어, 릴찌 
▶붕장어 - 원투
▶우럭 - 릴찌, 원투",,전라북도 군산시
126.3025278,35.8581944408959,S10057,F1016,214803,말도·방축도,말도 서쪽 바다,8.6m~30m,"모래, 조개껍질","들물, 썰물 전·후","▶넙치 - 루어, 원투 
▶노래미 - 루어, 릴찌, 장대, 원투
▶도다리 - 원투 
▶우럭 - 릴찌, 원투 
▶참돔 - 부력, 잠수",,전라북도 군산시
126.3160556,35.862750000896,S10058,F1016,214804,말도·방축도,말도 등대 앞바다,26m~30.5m,"모래, 조개껍질","들물, 썰물 전·후","▶넙치 - 루어, 원투 
▶노래미 - 루어, 릴찌, 장대, 원투
▶농어 - 루어, 릴찌 
▶도다리 - 원투 
▶우럭 - 릴찌, 원투",,전라북도 군산시
126.32825,35.8557222208959,S10059,F1016,214805,말도·방축도,말도와 보농도 사이 바다,7m~10m,"모래, 조개껍질","들물, 썰물 전·후","▶감성돔 - 릴찌, 장대, 원투 
▶노래미 - 루어, 릴찌, 장대, 원투
▶넙치 - 루어, 원투 
▶도다리 - 원투 
▶우럭 - 릴찌, 원투",03_말도와 보농도 사이 바다.JPEG,전라북도 군산시
126.3460833,35.860555560896,S10060,F1016,214806,말도·방축도,솔푼서 부근,15.2m~18m,바위,"들물, 썰물 전·후","▶감성돔 - 릴찌, 장대, 원투 
▶도다리 - 원투
▶노래미 - 루어, 릴찌, 장대, 원투
▶우럭 - 릴찌, 원투",,전라북도 군산시
126.3903889,35.855194440896,S10061,F1016,214807,말도·방축도,방축도 동쪽 바다,33m~37m,펄,중들물~만조시,"▶넙치 - 루어, 원투 
▶노래미 - 루어, 릴찌, 장대, 원투
▶농어 - 루어, 릴찌 
▶도다리 - 원투
▶우럭 - 릴찌, 원투",,전라북도 군산시
126.3771667,35.8279722208956,S10062,F1016,214808,말도·방축도,흑도와 골서 부근,12m~15m,"자갈, 조개껍질",중들물~만조시,"▶감성돔 - 릴찌, 장대, 원투 
▶노래미 - 루어, 릴찌, 장대, 원투
▶넙치 - 루어, 원투 
▶도다리 - 원투 
▶우럭 - 릴찌, 원투",06_흑도와 골서 부근.JPEG,전라북도 군산시
126.3836944,35.8110000008955,S10063,F1017,214809,선유도·무녀도·장자도·신시도,1. 증서 부근,13.6m~15m,가는 모래,조금 전·후,"▶넙치 - 루어, 원투 
▶노래미 - 루어, 릴찌, 장대, 원투
▶농어 - 루어, 릴찌 
▶양태 - 루어, 릴찌
▶붕장어 - 원투 
▶우럭 - 릴찌, 원투",,전라북도 군산시
126.3955833,35.8272777808956,S10064,F1017,214810,선유도·무녀도·장자도·신시도,2. 광서 부근,6m~8m,"자갈, 조개껍질",조금 전·후,"▶넙치 - 루어, 원투 
▶노래미 - 루어, 릴찌, 장대, 원투
▶농어 - 루어, 릴찌 
▶붕장어 - 원투
▶삼치 - 루어, 릴찌 
▶우럭 - 릴찌, 원투 
▶양태 - 루어, 릴찌",,전라북도 군산시
126.44,35.8345277808957,S10065,F1017,214811,선유도·무녀도·장자도·신시도,3. 도토머리도 부근,13m~15m,"모래, 펄",조금 전·후,"▶넙치 - 루어, 원투 
▶노래미 - 루어, 릴찌, 장대, 원투
▶농어 - 루어, 릴찌 
▶붕장어 - 원투
▶삼치 - 루어, 릴찌 
▶우럭 - 릴찌, 원투 
▶양태 - 루어, 릴찌",03_도토머리도 부근.JPEG,전라북도 군산시
126.4436389,35.7971666708953,S10066,F1017,214812,선유도·무녀도·장자도·신시도,"만서, 만자서 부근",9m~12m,"모래, 펄",조금 전·후,"▶넙치 - 루어, 원투 
▶노래미 - 루어, 릴찌, 장대, 원투
▶농어 - 루어, 릴찌 
▶붕장어 - 원투
▶삼치 - 루어, 릴찌 
▶우럭 - 릴찌, 원투 
▶양태 - 루어, 릴찌",,전라북도 군산시
126.4521111,35.7880833308952,S10067,F1017,214813,선유도·무녀도·장자도·신시도,"만서, 만자서 앞바다",18m~21m,"모래, 펄",조금 전·후,"▶넙치 - 루어, 원투 
▶노래미 - 루어, 릴찌, 장대, 원투
▶농어 - 루어, 릴찌 
▶붕장어 - 원투
▶삼치 - 루어, 릴찌 
▶우럭 - 릴찌, 원투 
▶양태 - 루어, 릴찌",,전라북도 군산시
126.4004167,35.7924722208953,S10068,F1017,214814,선유도·무녀도·장자도·신시도,장구도 앞바다,8m~12m,가는 모래,조금 전·후,"▶넙치 - 루어, 원투 
▶노래미 - 루어, 릴찌, 장대, 원투
▶농어 - 루어, 릴찌 
▶붕장어 - 원투
▶삼치 - 루어, 릴찌 
▶우럭 - 릴찌, 원투 
▶양태 - 루어, 릴찌",,전라북도 군산시
126.101166699999,35.6378888908934,S10069,F1018,214815,왕등도·위도,하왕등도 서쪽 바다,28m~34m,펄,조금 전·후,"▶감성돔 - 릴찌, 장대, 원투 
▶넙치 - 루어, 원투
▶농어 - 루어, 릴찌 
▶돌돔 - 릴찌, 장대, 원투
▶붕장어 - 원투 
▶우럭 - 릴찌, 원투 
▶참돔 - 부력, 잠수",,전라북도 부안군
126.118861099999,35.6613055608937,S10070,F1018,214816,왕등도·위도,상왕등도 대구섬 부근,17m~23m,"가는 모래, 펄",조금 전·후,"▶감성돔 - 릴찌, 장대, 원투 
▶넙치 - 루어, 원투
▶농어 - 루어, 릴찌 
▶돌돔 - 릴찌, 장대, 원투
▶붕장어 - 원투 
▶우럭 - 릴찌, 원투 
▶참돔 - 부력, 잠수",02_상왕등도 대구섬 부근.JPEG,전라북도 부안군
126.137444399999,35.6586944408937,S10071,F1018,214817,왕등도·위도,상왕등도 열도 부근,24m~30m,"가는 모래, 펄",조금 전·후,"▶감성돔 - 릴찌, 장대, 원투 
▶넙치 - 루어, 원투
▶농어 - 루어, 릴찌 
▶돌돔 - 릴찌, 장대, 원투
▶붕장어 - 원투 
▶우럭 - 릴찌, 원투 
▶참돔 - 부력, 잠수",,전라북도 부안군
126.215833299999,35.6369166708935,S10072,F1018,214818,왕등도·위도,식도 북쪽 바다,28m~30m,펄,중썰물~끝썰물,"▶감성돔 - 릴찌, 장대, 원투 
▶넙치 - 루어, 원투
▶노래미 - 루어, 릴찌, 장대, 원투 
▶농어 - 루어, 릴찌
▶숭어 - 릴찌, 장대, 훌치기 
▶우럭 - 릴찌, 원투",,전라북도 부안군
126.25775,35.6113888908933,S10073,F1018,214819,왕등도·위도,위도 달루도 부근,11m~13m,펄,중썰물~끝썰물,"▶감성돔 - 릴찌, 장대, 원투 
▶넙치 - 루어, 원투
▶노래미 - 루어, 릴찌, 장대, 원투 
▶농어 - 루어, 릴찌
▶숭어 - 릴찌, 장대, 훌치기 
▶우럭 - 릴찌, 원투",,전라북도 부안군
126.227444399999,35.583333330893,S10074,F1018,214820,왕등도·위도,위도 외조도 부근,16m~19m,바위,중썰물~끝썰물,"▶감성돔 - 릴찌, 장대, 원투 
▶넙치 - 루어, 원투
▶노래미 - 루어, 릴찌, 장대, 원투 
▶농어 - 루어, 릴찌
▶숭어 - 릴찌, 장대, 훌치기 
▶우럭 - 릴찌, 원투",,전라북도 부안군
125.923944399998,34.7942500008838,S10075,F1019,214821,비금도·도초도,우세도 부근,7m~10m,펄,날물,"▶감성돔 - 릴찌, 장대, 원투 
▶농어 - 루어, 릴찌
▶돌돔 - 릴찌, 장대, 원투 
▶볼락 - 루어, 릴찌, 장대
▶붕장어 - 원투 
▶우럭 - 릴찌, 원투 
▶참돔 - 부력, 잠수",01_우세도 부근.JPEG,전라남도 신안군
125.954166699998,34.8243888908842,S10076,F1019,214822,비금도·도초도,토막도 부근,12m~18m,펄,날물,"▶감성돔 - 릴찌, 장대, 원투 
▶농어 - 루어, 릴찌
▶돌돔 - 릴찌, 장대, 원투 
▶볼락 - 루어, 릴찌, 장대
▶붕장어 - 원투 
▶우럭 - 릴찌, 원투 
▶참돔 - 부력, 잠수",,전라남도 신안군
125.968749999999,34.6520000008823,S10077,F1019,214823,비금도·도초도,가도 부근,14m~19m,펄,초들물~중들물,"▶감성돔 - 릴찌, 장대, 원투 
▶농어 - 루어, 릴찌
▶돌돔 - 릴찌, 장대, 원투 
▶볼락 - 루어, 릴찌, 장대
▶붕장어 - 원투 
▶우럭 - 릴찌, 원투 
▶참돔 - 부력, 잠수",,전라남도 신안군
125.921555599998,34.646777780882,S10078,F1019,214824,비금도·도초도,종달암 부근,28m~32m,펄,초들물~중들물,"▶감성돔 - 릴찌, 장대, 원투 
▶농어 - 루어, 릴찌
▶돌돔 - 릴찌, 장대, 원투 
▶볼락 - 루어, 릴찌, 장대
▶붕장어 - 원투 
▶우럭 - 릴찌, 원투 
▶참돔 - 부력, 잠수",,전라남도 신안군
125.370749999991,34.6847500008788,S10079,F1020,214825,흑산도·삼태도,"대장도, 소장도 부근",30m~45m,"펄, 모래",조금 전·후,"▶감성돔 - 릴찌, 장대, 원투 
▶넙치 - 루어, 원투
▶농어 - 루어, 릴찌 
▶돌돔 - 릴찌, 장대, 원투
▶붕장어 - 원투 
▶우럭 - 릴찌, 원투 
▶참돔 - 부력, 잠수",,전라남도 신안군
125.411277799992,34.7109722208796,S10080,F1020,214826,흑산도·삼태도,대흑산도 호장도 부근,26.5m~30m,"펄, 모래",조금 전·후,"▶감성돔 - 릴찌, 장대, 원투 
▶넙치 - 루어, 원투
▶농어 - 루어, 릴찌 
▶돌돔 - 릴찌, 장대, 원투
▶붕장어 - 원투 
▶우럭 - 릴찌, 원투 
▶참돔 - 부력, 잠수",,전라남도 신안군
125.444083299993,34.6181111108789,S10081,F1020,214827,흑산도·삼태도,대흑산도 서산말 남동쪽 바다,25.5m~40m,"모래, 펄",조금 전·후,"▶감성돔 - 릴찌, 장대, 원투 
▶넙치 - 루어, 원투
▶농어 - 루어, 릴찌 
▶돌돔 - 릴찌, 장대, 원투
▶붕장어 - 원투 
▶우럭 - 릴찌, 원투 
▶참돔 - 부력, 잠수",,전라남도 신안군
125.248222199988,34.3937500008737,S10082,F1020,214828,흑산도·삼태도,삼태도 넓은여 부근,35m~50m,모래,조금 전·후,"▶감성돔 - 릴찌, 장대, 원투 
▶넙치 - 루어, 원투
▶농어 - 루어, 릴찌 
▶돌돔 - 릴찌, 장대, 원투
▶붕장어 - 원투 
▶우럭 - 릴찌, 원투 
▶참돔 - 부력, 잠수",,전라남도 신안군
126.5414167,34.2171111108777,S10083,F1021,214829,노화도·보길도·소안도,송도 부근,6m~8.5m,펄,사리 전·후,"▶감성돔 - 릴찌, 장대, 원투 
▶돌돔 - 릴찌, 장대, 원투
▶벵에돔 - 목줄, 장대, 부력, 잠수 
▶우럭 - 릴찌, 원투
▶볼락 - 루어, 릴찌, 장대 
▶참돔 - 부력, 잠수",,전라남도 완도군
126.6577222,34.2179444408777,S10084,F1021,214830,노화도·보길도·소안도,각씨여 부근,38m~42m,"펄, 조개껍질",사리 전·후,"▶감성돔 - 릴찌, 장대, 원투 
▶돌돔 - 릴찌, 장대, 원투
▶벵에돔 - 목줄, 장대, 부력, 잠수 
▶우럭 - 릴찌, 원투
▶볼락 - 루어, 릴찌, 장대 
▶참돔 - 부력, 잠수",,전라남도 완도군
126.6601389,34.0982222208763,S10085,F1021,214831,노화도·보길도·소안도,소안도 거망치각 앞바다,40m~42m,"펄, 조개껍질",사리 전·후,"▶감성돔 - 릴찌, 장대, 원투 
▶돌돔 - 릴찌, 장대, 원투
▶벵에돔 - 목줄, 장대, 부력, 잠수 
▶우럭 - 릴찌, 원투
▶볼락 - 루어, 릴찌, 장대 
▶참돔 - 부력, 잠수",,전라남도 완도군
126.5830833,34.1270277808767,S10086,F1021,214832,노화도·보길도·소안도,예작도 부근,9.1m~12m,"펄, 모래",사리 전·후,"▶감성돔 - 릴찌, 장대, 원투 
▶돌돔 - 릴찌, 장대, 원투
▶벵에돔 - 목줄, 장대, 부력, 잠수 
▶우럭 - 릴찌, 원투
▶볼락 - 루어, 릴찌, 장대 
▶참돔 - 부력, 잠수",04_예작도 부근.JPEG,전라남도 완도군
126.5038611,34.1105833308764,S10087,F1021,214833,노화도·보길도·소안도,보길도 보죽각 앞바다,37m~40m,조개껍질,사리 전·후,"▶감성돔 - 릴찌, 장대, 원투 
▶돌돔 - 릴찌, 장대, 원투
▶벵에돔 - 목줄, 장대, 부력, 잠수 
▶우럭 - 릴찌, 원투
▶볼락 - 루어, 릴찌, 장대 
▶참돔 - 부력, 잠수",,전라남도 완도군
126.4652778,34.162444440877,S10088,F1021,214834,노화도·보길도·소안도,토금도 부근,30m~33m,"펄, 조개껍질",사리 전·후,"▶감성돔 - 릴찌, 장대, 원투 
▶돌돔 - 릴찌, 장대, 원투
▶벵에돔 - 목줄, 장대, 부력, 잠수 
▶우럭 - 릴찌, 원투
▶볼락 - 루어, 릴찌, 장대 
▶참돔 - 부력, 잠수",,전라남도 완도군
126.7825278,34.2748611108785,S10089,F1022,214835,신지도,완도 대구두 앞바다,24.5m~26m,"모래, 조개껍질",사리 전·후,"▶감성돔 - 릴찌, 장대, 원투 
▶돌돔 - 릴찌, 장대, 원투
▶볼락 - 루어, 릴찌, 장대 
▶붕장어 - 원투
▶우럭 - 릴찌, 원투 
▶참돔 - 부력, 잠수 
▶학공치 - 릴찌, 장대",,전라남도 완도군
126.8490278,34.2950833308787,S10090,F1022,214836,신지도,신지도 최남단 앞바다,13.5m~18m,"펄, 조개껍질",사리 전·후,"▶감성돔 - 릴찌, 장대, 원투 
▶돌돔 - 릴찌, 장대, 원투
▶볼락 - 루어, 릴찌, 장대 
▶붕장어 - 원투
▶우럭 - 릴찌, 원투 
▶참돔 - 부력, 잠수 
▶학공치 - 릴찌, 장대",,전라남도 완도군
126.89825,34.3044444408788,S10091,F1022,214837,신지도,제도 부근,11m~15m,펄,사리 전·후,"▶감성돔 - 릴찌, 장대, 원투 
▶돌돔 - 릴찌, 장대, 원투
▶볼락 - 루어, 릴찌, 장대 
▶붕장어 - 원투
▶우럭 - 릴찌, 원투 
▶참돔 - 부력, 잠수 
▶학공치 - 릴찌, 장대",,전라남도 완도군
126.9143611,34.2893333308786,S10092,F1022,214838,신지도,모황도 부근,25.5m~33m,"펄, 조개껍질",사리 전·후,"▶감성돔 - 릴찌, 장대, 원투 
▶돌돔 - 릴찌, 장대, 원투
▶볼락 - 루어, 릴찌, 장대 
▶붕장어 - 원투
▶우럭 - 릴찌, 원투 
▶참돔 - 부력, 잠수 
▶학공치 - 릴찌, 장대",,전라남도 완도군
126.7284722,34.1843611108774,S10093,F1023,214839,청산도·대모도,대모도 마도말 앞바다,31m~35m,펄,4물~사리,"▶감성돔 - 릴찌, 장대, 원투 
▶농어 - 루어, 릴찌
▶노래미 - 루어, 릴찌, 장대, 원투 
▶우럭 - 릴찌, 원투
▶볼락 - 루어, 릴찌, 장대 
▶참돔 - 부력, 잠수",,전라남도 완도군
126.8381389,34.2058888908776,S10094,F1023,214840,청산도·대모도,장도 부근,19m~20m,"조개껍질, 펄",4물~사리,"▶감성돔 - 릴찌, 장대, 원투 
▶농어 - 루어, 릴찌
▶돌돔 - 릴찌, 장대, 원투 
▶볼락 - 루어, 릴찌, 장대
▶우럭 - 릴찌, 원투 
▶참돔 - 부력, 잠수",,전라남도 완도군
126.9550833,34.1842500008773,S10095,F1023,214841,청산도·대모도,항도 서측 바다,24m~27m,"펄, 모래",4물~사리,"▶감성돔 - 릴찌, 장대, 원투 
▶농어 - 루어, 릴찌
▶돌돔 - 릴찌, 장대, 원투 
▶볼락 - 루어, 릴찌, 장대
▶우럭 - 릴찌, 원투 
▶참돔 - 부력, 잠수",,전라남도 완도군
126.7651667,34.1492777808769,S10096,F1023,214842,청산도·대모도,불근도 부근,24m~30m,펄,4물~사리,"▶감성돔 - 릴찌, 장대, 원투 
▶농어 - 루어, 릴찌
▶노래미 - 루어, 릴찌, 장대, 원투 
▶우럭 - 릴찌, 원투
▶볼락 - 루어, 릴찌, 장대 
▶참돔 - 부력, 잠수",,전라남도 완도군
127.0956111,34.4596388908806,S10097,F1024,214843,거금도,연흥도 부근,5m~8m,펄,날물,"▶감성돔 - 릴찌, 장대, 원투 
▶농어 - 루어, 릴찌
▶도다리 - 원투 
▶돌돔 - 릴찌, 장대, 원투
▶붕장어 - 원투 
▶숭어 - 릴찌, 장대, 훌치기 
▶우럭 - 릴찌, 원투",,전라남도 고흥군
127.2398611,34.5020277808811,S10098,F1024,214844,거금도,감등서 부근,18m~23m,펄,초들물,"▶감성돔 - 릴찌, 장대, 원투 
▶농어 - 루어, 릴찌
▶도다리 - 원투 
▶돌돔 - 릴찌, 장대, 원투
▶붕장어 - 원투 
▶숭어 - 릴찌, 장대, 훌치기 
▶우럭 - 릴찌, 원투",,전라남도 고흥군
127.2193611,34.4258888908803,S10099,F1024,214845,거금도,소독도 부근,13m~16m,펄,초들물,"▶감성돔 - 릴찌, 장대, 원투 
▶농어 - 루어, 릴찌
▶도다리 - 원투 
▶돌돔 - 릴찌, 장대, 원투
▶붕장어 - 원투 
▶숭어 - 릴찌, 장대, 훌치기 
▶우럭 - 릴찌, 원투",03_소독도 부근.JPEG,전라남도 고흥군
127.1208611,34.4253055608802,S10100,F1024,214846,거금도,형제도 부근,7m~11m,펄,날물,"▶감성돔 - 릴찌, 장대, 원투 
▶농어 - 루어, 릴찌
▶도다리 - 원투 
▶돌돔 - 릴찌, 장대, 원투
▶붕장어 - 원투 
▶숭어 - 릴찌, 장대, 훌치기 
▶우럭 - 릴찌, 원투",,전라남도 고흥군
127.3091944,34.072166670876,S10101,F1025,214847,여서도·거문도,거문도 반여 부근,35m~50m,"침니, 모래","들물, 날물 전·후","▶감성돔 - 릴찌, 장대, 원투 
▶돌돔 - 릴찌, 장대, 원투
▶농어 - 루어, 릴찌 
▶벵에돔 - 목줄, 장대, 부력, 잠수
▶볼락 - 루어, 릴찌, 장대 
▶참돔 - 부력, 잠수",,전라남도 완도군
127.3411389,34.0304166708754,S10102,F1025,214848,여서도·거문도,거문도 오지여 앞바다,31m~48m,"자갈, 조개껍질","들물, 날물 전·후","▶감성돔 - 릴찌, 장대, 원투 
▶돌돔 - 릴찌, 장대, 원투
▶농어 - 루어, 릴찌 
▶벵에돔 - 목줄, 장대, 부력, 잠수
▶볼락 - 루어, 릴찌, 장대 
▶참돔 - 부력, 잠수",,전라남도 완도군
127.3186944,34.0013055608752,S10103,F1025,214849,여서도·거문도,거문도 배치바위 앞바다,65m~70m,"펄, 모래, 자갈","들물, 날물 전·후","▶감성돔 - 릴찌, 장대, 원투 
▶돌돔 - 릴찌, 장대, 원투
▶농어 - 루어, 릴찌 
▶벵에돔 - 목줄, 장대, 부력, 잠수
▶볼락 - 루어, 릴찌, 장대 
▶참돔 - 부력, 잠수",,전라남도 완도군
127.2790556,34.0185277808754,S10104,F1025,214850,여서도·거문도,만수용단 앞바다,58m~63m,펄,"들물, 날물 전·후","▶감성돔 - 릴찌, 장대, 원투 
▶돌돔 - 릴찌, 장대, 원투
▶농어 - 루어, 릴찌 
▶벵에돔 - 목줄, 장대, 부력, 잠수
▶볼락 - 루어, 릴찌, 장대 
▶참돔 - 부력, 잠수",,전라남도 완도군
127.5345278,34.5276388908814,S10105,F1026,214851,나로도,보돌서 부근,11m~15m,펄,간조~초들물,"▶감성돔 - 릴찌, 장대, 원투 
▶농어 - 루어, 릴찌
▶도다리 - 원투 
▶볼락 - 루어, 릴찌, 장대
▶숭어 - 릴찌, 장대, 훌치기 
▶학공치 - 릴찌, 장대",,전라남도 고흥군
127.5189167,34.4920555608811,S10106,F1026,214852,나로도,내나로도 등대 앞바다,7m~10m,펄,초들물~만조,"▶감성돔 - 릴찌, 장대, 원투 
▶농어 - 루어, 릴찌
▶도다리 - 원투 
▶볼락 - 루어, 릴찌, 장대
▶숭어 - 릴찌, 장대, 훌치기 
▶학공치 - 릴찌, 장대",,전라남도 고흥군
127.492,34.40475000088,S10107,F1026,214853,나로도,외나로도 노랑바위 앞바다,24m~28m,펄,간조~초들물,"▶감성돔 - 릴찌, 장대, 원투 
▶농어 - 루어, 릴찌
▶도다리 - 원투 
▶볼락 - 루어, 릴찌, 장대
▶숭어 - 릴찌, 장대, 훌치기 
▶학공치 - 릴찌, 장대",,전라남도 고흥군
127.4345278,34.4928611108811,S10108,F1026,214854,나로도,숨은여 부근,5m~7m,모래,초들물~만조,"▶감성돔 - 릴찌, 장대, 원투 
▶농어 - 루어, 릴찌
▶도다리 - 원투 
▶볼락 - 루어, 릴찌, 장대
▶숭어 - 릴찌, 장대, 훌치기 
▶학공치 - 릴찌, 장대",,전라남도 고흥군
127.6919167,34.5498888908817,S10109,F1027,214855,금오도·안도,용두 앞바다,30m~45m,펄,조금 전·후,"▶감성돔 -릴찌, 장대, 원투 
▶돌돔 - 릴찌, 장대, 원투
▶벵에돔 - 목줄, 장대, 부력, 잠수 
▶볼락 - 루어, 릴찌, 장대
▶우럭 -릴찌, 원투 
▶참돔 - 부력, 잠수 
▶학공치 - 릴찌, 장대",,전라남도 여수시
127.77125,34.5519444408817,S10110,F1027,214856,금오도·안도,문서 부근,25m~30m,"펄, 모래",조금 전·후,"▶감성돔 -릴찌, 장대, 원투 
▶돌돔 - 릴찌, 장대, 원투
▶벵에돔 - 목줄, 장대, 부력, 잠수 
▶볼락 - 루어, 릴찌, 장대
▶우럭 -릴찌, 원투 
▶참돔 - 부력, 잠수 
▶학공치 - 릴찌, 장대",,전라남도 여수시
127.80325,34.5270555608814,S10111,F1027,214857,금오도·안도,배다서 부근,27m~32m,펄,조금 전·후,"▶감성돔 -릴찌, 장대, 원투 
▶돌돔 - 릴찌, 장대, 원투
▶벵에돔 - 목줄, 장대, 부력, 잠수 
▶볼락 - 루어, 릴찌, 장대
▶우럭 -릴찌, 원투 
▶참돔 - 부력, 잠수 
▶학공치 - 릴찌, 장대",03_배다서 부근.JPEG,전라남도 여수시
127.7662778,34.4750000008808,S10112,F1027,214858,금오도·안도,구몽암 부근,30m~35m,펄,조금 전·후,"▶감성돔 -릴찌, 장대, 원투 
▶돌돔 - 릴찌, 장대, 원투
▶벵에돔 - 목줄, 장대, 부력, 잠수 
▶볼락 - 루어, 릴찌, 장대
▶우럭 -릴찌, 원투 
▶참돔 - 부력, 잠수 
▶학공치 - 릴찌, 장대",,전라남도 여수시
128.1632778,34.839444440885,S10113,F1028,214859,사량도,농개도 부근,24m~29m,"펄, 모래",조금 전·후,"▶감성돔 - 릴찌, 장대, 원투 
▶농어 - 루어, 릴찌
▶벵에돔 - 목줄, 장대, 부력, 잠수 
▶우럭 - 릴찌, 원투
▶볼락 - 릴찌, 루어, 장대 
▶참돔 - 부력, 잠수",01_농개도 부근.JPEG,경상남도 통영시
128.1732778,34.8244166708849,S10114,F1028,214860,사량도,죽도 부근,25m~29m,"펄, 모래",조금 전·후,"▶감성돔 - 릴찌, 장대, 원투 
▶농어 - 루어, 릴찌
▶벵에돔 - 목줄, 장대, 부력, 잠수 
▶우럭 - 릴찌, 원투
▶볼락 - 릴찌, 루어, 장대 
▶참돔 - 부력, 잠수",,경상남도 통영시
128.2603889,34.8063333308847,S10115,F1028,214861,사량도,화도 부근,15m~18m,펄,조금 전·후,"▶감성돔 - 릴찌, 장대, 원투 
▶농어 - 루어, 릴찌
▶벵에돔 - 목줄, 장대, 부력, 잠수 
▶우럭 - 릴찌, 원투
▶볼락 - 릴찌, 루어, 장대 
▶참돔 - 부력, 잠수",03_화도 부근.JPEG,경상남도 통영시
128.2218611,34.7704444408842,S10116,F1028,214862,사량도,남무도 부근,27m~30m,"펄, 모래, 조개껍질",조금 전·후,"▶감성돔 - 릴찌, 장대, 원투 
▶농어 - 루어, 릴찌
▶벵에돔 - 목줄, 장대, 부력, 잠수 
▶우럭 - 릴찌, 원투
▶볼락 - 릴찌, 루어, 장대 
▶참돔 - 부력, 잠수",,경상남도 통영시
128.25275,34.658833330883,S10117,F1029,214863,욕지도,모도 부근,37m~46m,"펄, 모래, 조개껍질",5 물~11물,"▶감성돔 - 릴찌, 장대, 원투 
▶농어 - 루어, 릴찌
▶무늬오징어 - 릴찌, 에깅 
▶볼락 - 루어, 릴찌, 장대
▶벵에돔 - 목줄, 장대, 부력, 잠수 
▶참돔 - 부력, 잠수",,경상남도 통영시
128.2987222,34.6270277808825,S10118,F1029,214864,욕지도,초도 부근,18m~20m,"펄, 조개껍질",5 물~11물,"▶감성돔 - 릴찌, 장대, 원투 
▶농어 - 루어, 릴찌
▶무늬오징어 - 릴찌, 에깅 
▶볼락 - 루어, 릴찌, 장대
▶벵에돔 - 목줄, 장대, 부력, 잠수 
▶참돔 - 부력, 잠수",02_초도 부근.JPEG,경상남도 통영시
128.2756667,34.6123333308824,S10119,F1029,214865,욕지도,가동서 부근,27m~31m,펄,5 물~11물,"▶감성돔 - 릴찌, 장대, 원투 
▶농어 - 루어, 릴찌
▶무늬오징어 - 릴찌, 에깅 
▶볼락 - 루어, 릴찌, 장대
▶벵에돔 - 목줄, 장대, 부력, 잠수 
▶참돔 - 부력, 잠수",,경상남도 통영시
128.2594167,34.6101388908824,S10120,F1029,214866,욕지도,흑초 부근,36m~40m,펄,5 물~11물,"▶감성돔 - 릴찌, 장대, 원투 
▶농어 - 루어, 릴찌
▶무늬오징어 - 릴찌, 에깅 
▶볼락 - 루어, 릴찌, 장대
▶벵에돔 - 목줄, 장대, 부력, 잠수 
▶참돔 - 부력, 잠수",,경상남도 통영시
128.3169278,34.839722220885,S10121,F1030,214867,미륵도,태도 부근,12m~17m,펄,조금 전·후,"▶감성돔 - 릴찌, 장대, 원투 
▶농어 - 루어, 릴찌
▶벵에돔 - 목줄, 장대, 부력, 잠수 
▶우럭 - 릴찌, 원투
▶볼락 - 루어, 릴찌, 장대 
▶참돔 - 부력, 잠수",,경상남도 통영시
128.3630833,34.7873611108845,S10122,F1030,214868,미륵도,곤리도 부근,14m~16m,펄,조금 전·후,"▶감성돔 - 릴찌, 장대, 원투 
▶농어 - 루어, 릴찌
▶벵에돔 - 목줄, 장대, 부력, 잠수 
▶우럭 - 릴찌, 원투
▶볼락 - 루어, 릴찌, 장대 
▶참돔 - 부력, 잠수",,경상남도 통영시
128.3654722,34.7657222208842,S10123,F1030,214869,미륵도,가마도 부근,40m~48m,펄,조금 전·후,"▶감성돔 - 릴찌, 장대, 원투 
▶농어 - 루어, 릴찌
▶벵에돔 - 목줄, 장대, 부력, 잠수 
▶우럭 - 릴찌, 원투
▶볼락 - 루어, 릴찌, 장대 
▶참돔 - 부력, 잠수",,경상남도 통영시
128.4196944,34.7582500008841,S10124,F1030,214870,미륵도,학림도 부근,23m~30m,펄,조금 전·후,"▶감성돔 - 릴찌, 장대, 원투 
▶농어 - 루어, 릴찌
▶벵에돔 - 목줄, 장대, 부력, 잠수 
▶우럭 - 릴찌, 원투
▶볼락 - 루어, 릴찌, 장대 
▶참돔 - 부력, 잠수",04_학림도 부근.JPEG,경상남도 통영시
128.4555278,34.7208888908836,S10125,F1031,214871,비진도·매물도,비진도 춘복도 부근,13m~17m,"펄, 모래",조금 전·후,"▶감성돔 - 릴찌, 장대, 원투 
▶농어 - 루어, 릴찌
▶노래미 - 루어, 릴찌, 장대, 원투 
▶우럭 - 릴찌, 원투
▶볼락 - 루어, 릴찌, 장대 
▶참돔 - 부력, 잠수",01_비진도 춘복도 부근.JPEG,경상남도 통영시
128.4551389,34.7002777808834,S10126,F1031,214872,비진도·매물도,비진도 소장서(노루여) 부근,39m~52m,펄,조금 전·후,"▶감성돔 - 릴찌, 장대, 원투 
▶농어 - 루어, 릴찌
▶돌돔 - 릴찌, 장대, 원투 
▶볼락 - 루어, 릴찌, 장대
▶우럭 - 릴찌, 원투 
▶참돔 - 부력, 잠수",,경상남도 통영시
128.5451111,34.6454166708828,S10127,F1031,214873,비진도·매물도,대매물도 가익도 부근,43m~47m,"펄, 모래, 조개껍질",조금 전·후,"▶감성돔 - 릴찌, 장대, 원투 
▶돌돔 - 릴찌, 장대, 원투
▶볼락 - 루어, 릴찌, 장대 
▶우럭 - 릴찌, 원투
▶벵에돔 - 목줄, 장대, 부력, 잠수 
▶참돔 - 부력, 잠수",,경상남도 통영시
128.5969444,34.6127777808823,S10128,F1031,214874,비진도·매물도,소매물도 등가도 부근,38m~42m,"펄, 모래",조금 전·후,"▶감성돔 - 릴찌, 장대, 원투 
▶돌돔 - 릴찌, 장대, 원투
▶볼락 - 루어, 릴찌, 장대 
▶우럭 - 릴찌, 원투
▶벵에돔 - 목줄, 장대, 부력, 잠수 
▶참돔 - 부력, 잠수",,경상남도 통영시
128.4962778,34.9486388908862,S10129,F1032,214875,거제도 북서부,만금여 부근,16m~19m,펄,조금 전·후,"▶감성돔 - 릴찌, 장대, 원투 
▶고등어 - 루어, 릴찌, 장대
▶돌돔 - 릴찌, 장대, 원투 
▶보리멸 - 원투
▶살오징어 - 에깅 
▶볼락 - 루어, 릴찌, 장대 
▶참돔 - 부력, 잠수",,경상남도 거제시
128.4820278,34.927361110886,S10130,F1032,214876,거제도 북서부,수도 부근,15m~17m,펄,조금 전·후,"▶감성돔 - 릴찌, 장대, 원투 
▶고등어 - 루어, 릴찌, 장대
▶돌돔 - 릴찌, 장대, 원투
 ▶보리멸 - 원투
▶살오징어 - 에깅 
▶볼락 - 루어, 릴찌, 장대 
▶참돔 - 부력, 잠수",,경상남도 거제시
128.4835278,34.9059444408858,S10131,F1032,214877,거제도 북서부,지도 부근,15m~18m,펄,조금 전·후,"▶감성돔 - 릴찌, 장대, 원투 
▶고등어 - 루어, 릴찌, 장대
▶돌돔 - 릴찌, 장대, 원투 
▶보리멸 - 원투
▶살오징어 - 에깅 
▶볼락 - 루어, 릴찌, 장대 
▶참돔 - 부력, 잠수",,경상남도 거제시
128.4655556,34.8193055608848,S10132,F1032,214878,거제도 북서부,화도 부근,16m~18m,펄,조금 전·후,"▶감성돔 - 릴찌, 장대, 원투 
▶고등어 - 루어, 릴찌, 장대
▶돌돔 - 릴찌, 장대, 원투 
▶보리멸 - 원투
▶살오징어 - 에깅 
▶볼락 - 루어, 릴찌, 장대 
▶참돔 - 부력, 잠수",04_화도 부근.JPEG,경상남도 거제시
128.724583300001,35.0412500008872,S10133,F1033,214879,거제도 북동부,망와도 부근,32m~46m,펄,조금 전·후,"▶감성돔 - 릴찌, 장대, 원투 
▶농어 - 루어, 릴찌
▶벵에돔 - 목줄, 장대, 부력, 잠수 
▶우럭 - 릴찌, 원투
▶볼락 - 루어, 릴찌, 장대 
▶참돔 - 부력, 잠수",01_망와도 부근.JPEG,경상남도 거제시
128.734472200001,34.9730833308864,S10134,F1033,214880,거제도 북동부,이수도 부근,13m~18m,펄,조금 전·후,"▶감성돔 - 릴찌, 장대, 원투 
▶농어 - 루어, 릴찌
▶벵에돔 - 목줄, 장대, 부력, 잠수 
▶우럭 - 릴찌, 원투
▶볼락 - 루어, 릴찌, 장대 
▶참돔 - 부력, 잠수",,경상남도 거제시
128.762944400001,34.9054444408856,S10135,F1033,214881,거제도 북동부,양지암취 앞바다,23m~27m,펄,조금 전·후,"▶감성돔 - 릴찌, 장대, 원투 
▶농어 - 루어, 릴찌
▶벵에돔 - 목줄, 장대, 부력, 잠수 
▶우럭 - 릴찌, 원투
▶볼락 - 루어, 릴찌, 장대 
▶참돔 - 부력, 잠수",,경상남도 거제시
128.750805600001,34.8328888908848,S10136,F1033,214882,거제도 북동부,지세포항 앞바다,13m~18m,찰흙,조금 전·후,"▶감성돔 - 릴찌, 장대, 원투 
▶농어 - 루어, 릴찌
▶벵에돔 - 목줄, 장대, 부력, 잠수 
▶우럭 - 릴찌, 원투
▶볼락 - 루어, 릴찌, 장대 
▶참돔 - 부력, 잠수",,경상남도 거제시
128.5443056,34.6923055608833,S10137,F1034,214883,거제도 남부,대덕도 부근,55m~60m,"펄, 모래",조금 전·후,"▶감성돔 - 릴찌, 장대, 원투 
▶돌돔 - 릴찌, 장대, 원투
▶벵에돔 - 목줄, 장대, 부력, 잠수 
▶우럭 - 릴찌, 원투
▶볼락 - 루어, 릴찌, 장대 
▶참돔 - 부력, 잠수",,경상남도 거제시
128.6180278,34.6981111108833,S10138,F1034,214884,거제도 남부,소병태도 부근,47m~52m,조개껍질,조금 전·후,"▶감성돔 - 릴찌, 장대, 원투 
▶돌돔 - 릴찌, 장대, 원투
▶벵에돔 - 목줄, 장대, 부력, 잠수 
▶우럭 - 릴찌, 원투
▶볼락 - 루어, 릴찌, 장대 
▶참돔 - 부력, 잠수",,경상남도 거제시
128.6891111,34.7270555608837,S10139,F1034,214885,거제도 남부,갈곶도 부근,38m~55m,"자갈, 조개껍질",조금 전·후,"▶감성돔 - 릴찌, 장대, 원투 
▶돌돔 - 릴찌, 장대, 원투
▶벵에돔 - 목줄, 장대, 부력, 잠수 
▶우럭 - 릴찌, 원투
▶볼락 - 루어, 릴찌, 장대 
▶참돔 - 부력, 잠수",03_갈곶도 부근.JPEG,경상남도 거제시
128.712,34.7751944408841,S10140,F1034,214886,거제도 남부,외조라도 부근,33m~40m,"자갈, 조개껍질",조금 전·후,"▶감성돔 - 릴찌, 장대, 원투 
▶돌돔 - 릴찌, 장대, 원투
▶벵에돔 - 목줄, 장대, 부력, 잠수 
▶우럭 - 릴찌, 원투
▶볼락 - 루어, 릴찌, 장대 
▶참돔 - 부력, 잠수",,경상남도 거제시
125.680388899996,37.6285833309104,S20001,F2001,214887,연평도,구지둔턱,5.3~15.9,암,12물~4물,"▶광어 - 릴찌, 원투
▶우럭 - 릴찌, 원투
▶숭어 - 릴찌, 장대, 홀치기
▶간재미 - 원투
▶농어 - 루어, 릴찌
▶노래미 - 루어, 릴찌, 장대, 원투",01_구지둔턱.JPG,인천광역시 옹진군
126.3785833,37.696000000913,S20002,F2002,214888,석모도,외포리선착장 입표 부근 해상,10.0~20.0,"펄, 모래",초들물~중날물,"▶농어 - 루어, 릴찌
▶숭어 - 릴찌, 장대, 홀치기
▶우럭 - 릴찌, 원투
▶망둥어 - 릴찌, 장대",01_외포리선착장 입표 부근 해상.JPG,인천광역시 강화군
126.28225,37.7440277809134,S20003,F2002,214889,석모도,서도부근 해상,2.9~7.5,암,초들물~중날물,"▶농어 - 루어, 릴찌
▶숭어 - 릴찌, 장대, 홀치기
▶우럭 - 릴찌, 원투
▶망둥어 - 릴찌, 장대",02_서도부근 해상.JPG,인천광역시 강화군
126.3233333,37.7121944409131,S20004,F2002,214890,석모도,선모도 부근 해상,-0.8~0.6,펄,초들물~중날물,"▶농어 - 루어, 릴찌
▶숭어 - 릴찌, 장대, 홀치기
▶우럭 - 릴찌, 원투
▶망둥어 - 릴찌, 장대",03_선모도 부근 해상.JPG,인천광역시 강화군
126.3945833,37.5328333309117,S20005,F2003,214891,시도,부도 부근 해상,-3.0~1.7,"자갈, 모래",초들물~중날물,"▶숭어 - 릴찌, 장대, 홀치기
▶노래미 - 루어, 릴찌, 장대, 원투
▶붕장어 - 원투
▶우럭 - 릴찌, 원투
▶삼치 - 루어, 릴찌
▶쭈꾸미 - 릴찌, 원투, 장대",01_부도 부근 해상.JPG,인천광역시 옹진군
126.4778889,37.5116944409115,S20006,F2003,214892,시도,노랑섬 서측 간출암 부근 해상,-2.3~1.8,펄,초들물~중날물,"▶숭어 - 릴찌, 장대, 홀치기
▶노래미 - 루어, 릴찌, 장대, 원투
▶붕장어 - 원투
▶우럭 - 릴찌, 원투
▶삼치 - 루어, 릴찌
▶쭈꾸미 - 릴찌, 원투, 장대",02_노랑섬 서측 간출암 부근 해상.JPG,인천광역시 옹진군
126.3530833,37.458527780911,S20007,F2004,214893,영종도·용유도,왕산해변 북서측 해상,6.0~9.9,"모래, 펄",조금 전후,"▶숭어 - 릴찌, 장대, 홀치기
▶우럭 - 릴찌, 원투
▶노래미 - 루어, 릴찌, 장대, 원투
▶삼치 - 루어, 릴찌
▶붕장어 - 원투",01_왕산해변 북서측 해상.JPG,인천광역시 중구
126.3547778,37.4759166709112,S20008,F2004,214894,영종도·용유도,영종도 북측수문 북서측 해상,20.2~26,"모래, 펄",조금 전후,"▶숭어 - 릴찌, 장대, 홀치기
▶우럭 - 릴찌, 원투
▶노래미 - 루어, 릴찌, 장대, 원투
▶삼치 - 루어, 릴찌
▶붕장어 - 원투",02_영종도 북측수문 북서측 해상.JPG,인천광역시 중구
126.4473611,37.3693888909103,S20009,F2005,214895,무의도,소무의도 동측 해상,0.8~2.1,"펄, 모래",중들물~중날물,"▶숭어 - 릴찌, 장대, 홀치기
▶노래미 - 루어, 릴찌, 장대, 원투
▶붕장어 - 원투
▶우럭 - 릴찌, 원투
▶삼치 - 루어, 릴찌
▶쭈꾸미 - 릴찌, 원투",01_소무의도 동측 해상.JPG,인천광역시 중구
126.4404167,37.3631944409102,S20010,F2005,214896,무의도,해녀도 부근 해상,2.3~3.6,"펄, 모래",중들물~중날물,"▶숭어 - 릴찌, 장대, 홀치기
▶노래미 - 루어, 릴찌, 장대, 원투
▶붕장어 - 원투
▶우럭 - 릴찌, 원투
▶삼치 - 루어, 릴찌
▶쭈꾸미 - 릴찌, 원투",02_해녀도 부근 해상.JPG,인천광역시 중구
126.3893611,37.3955277809105,S20011,F2005,214897,무의도,실미도 남서측 해상,-1.0~1.0,"펄, 모래",중들물~중날물,"▶숭어 - 릴찌, 장대, 홀치기
▶삼치 - 루어, 릴찌
▶쭈꾸미 - 릴찌, 원투
▶노래미 - 루어, 릴찌, 장대, 원투
▶붕장어 - 원투",03_실미도 남서측 해상.JPG,인천광역시 중구
126.32675,36.5027500009023,S20012,F2006,214898,안면도 북부,방포항 방파제 앞 해상,0.6~1.2,"모래, 펄",초들물~중날물,"▶우럭 - 릴찌, 원투
▶노래미 - 루어, 릴찌, 장대, 원투
▶학꽁치 - 릴찌, 장대
▶광어 - 릴찌, 원투
▶숭어 - 릴찌, 장대, 홀치기
▶도다리 - 원투",01_방포항 방파제 앞 해상.JPG,충청남도 태안군
126.4161389,36.5218055609026,S20013,F2006,214899,안면도 북부,죽도 부근 해상,6.7~9.5,"모래, 펄",초들물~중날물,"▶우럭 - 릴찌, 원투
▶노래미 - 루어, 릴찌, 장대, 원투
▶학꽁치 - 릴찌, 장대
▶광어 - 릴찌, 원투
▶숭어 - 릴찌, 장대, 홀치기
▶도다리 - 원투",02_죽도 부근 해상.JPG,충청남도 태안군
126.3754722,36.5936666709032,S20014,F2006,214900,안면도 북부,황도 연육교 부근 해상,-2.4~-1.4,"모래, 펄",초들물~중날물,"▶우럭 - 릴찌, 원투
▶노래미 - 루어, 릴찌, 장대, 원투
▶학꽁치 - 릴찌, 장대
▶광어 - 릴찌, 원투
▶숭어 - 릴찌, 장대, 홀치기
▶도다리 - 원투",03_황도 연육교 부근 해상.JPG,충청남도 태안군
126.4536111,36.4134166709015,S20015,F2007,214901,안면도 남부,목도 부근 해상,10.4~12.8,모래,중들물~중날물,"▶우럭 - 릴찌, 원투
▶노래미 - 루어, 릴찌, 장대, 원투
▶학꽁치 - 릴찌, 장대
▶광어 - 릴찌, 원투
▶숭어 - 릴찌, 장대, 홀치기
▶도다리 - 원투",01_목도 부근 해상.JPG,인천광역시 옹진군
126.3123056,36.4522777809018,S20016,F2007,214902,안면도 남부,외도 부근 해상,10.4~12.8,암,중들물~중날물,"▶우럭 - 릴찌, 원투
▶노래미 - 루어, 릴찌, 장대, 원투
▶학꽁치 - 릴찌, 장대
▶광어 - 릴찌, 원투
▶숭어 - 릴찌, 장대, 홀치기
▶도다리 - 원투",02_외도 부근 해상.JPG,인천광역시 옹진군
126.084277799999,36.6754722209037,S20017,F2008,214903,가의도,남측 곶부리 앞 해상,14.4~18.9,암,상관없음,"▶우럭 - 릴찌, 원투
▶노래미 - 루어, 릴찌, 장대, 원투
▶고등어 - 루어, 릴찌, 장대
▶광어 - 릴찌, 원투
▶쭈꾸미 - 릴찌, 원투, 장대
▶학꽁치 - 릴찌, 장대",01_남측 곶부리 앞 해상.JPG,충청남도 태안군
126.037777799999,36.6676388909035,S20018,F2008,214904,가의도,단도 부근 해상,6.8~12.6,암,상관없음,"▶우럭 - 릴찌, 원투
▶노래미 - 루어, 릴찌, 장대, 원투
▶고등어 - 루어, 릴찌, 장대
▶광어 - 릴찌, 원투
▶쭈꾸미 - 릴찌, 원투, 장대
▶학꽁치 - 릴찌, 장대",02_단도 부근 해상.JPG,충청남도 태안군
126.059555599999,36.6825000009037,S20019,F2008,214905,가의도,선착장 서축 갯바위 앞 해상,19.8~21.1,"펄, 모래",상관없음,"▶우럭 - 릴찌, 원투
▶노래미 - 루어, 릴찌, 장대, 원투
▶고등어 - 루어, 릴찌, 장대
▶광어 - 릴찌, 원투
▶쭈꾸미 - 릴찌, 원투, 장대
▶학꽁치 - 릴찌, 장대",03_선착장 서측 갯바위 앞 해상.JPG,충청남도 태안군
126.073555599999,36.6834722209037,S20020,F2008,214906,가의도,선착장 앞 입표 부근 해상,13.3~13.5,"펄, 모래",상관없음,"▶우럭 - 릴찌, 원투
▶노래미 - 루어, 릴찌, 장대, 원투
▶고등어 - 루어, 릴찌, 장대
▶광어 - 릴찌, 원투
▶쭈꾸미 - 릴찌, 원투, 장대
▶학꽁치 - 릴찌, 장대",04_선착장 앞 입표 부근 해상.JPG,충청남도 태안군
126.013166699999,35.32958333089,S20021,F2010,214907,안마도·석만도,문 끝 앞바다,1.8~6.5,암,들물/날물,"▶감성돔 - 릴찌, 장대, 원투 
▶붕장어 - 원투
▶우럭 - 릴찌, 원투 
▶농어 - 루어, 릴찌
▶노래미 - 루어, 릴찌, 장대, 원투 
▶민어 - 루어, 지깅, 원투",01_문 끝 앞바다.JPG,인천광역시 중구
126.032361099999,35.33175000089,S20022,F2010,214908,안마도·석만도,쌀썩은여 앞바다,27.0~31.0,펄,들물/날물,"▶감성돔 - 릴찌, 장대, 원투 
▶붕장어 - 원투
▶우럭 - 릴찌, 원투 
▶농어 - 루어, 릴찌
▶노래미 - 루어, 릴찌, 장대, 원투 
▶민어 - 루어, 지깅, 원투",02_쌀썩은여 앞바다.JPG,인천광역시 중구
126.056444399999,35.3509722208903,S20023,F2010,214909,안마도·석만도,감곽여 부근 해상,21.5~23.0,암,들물/날물,"▶감성돔 - 릴찌, 장대, 원투 
▶붕장어 - 원투
▶우럭 - 릴찌, 원투 
▶농어 - 루어, 릴찌
▶노래미 - 루어, 릴찌, 장대, 원투 
▶민어 - 루어, 지깅, 원투",02_쎄지기 사이 해상.JPG,인천광역시 중구
126.058388899999,35.3635277808904,S20024,F2010,214910,안마도·석만도,똥 섬 부근 해상,2.6~4.8,펄,들물/날물,"▶간재미 - 원투
▶노래미 - 루어, 릴찌, 장대, 원투
▶붕장어 - 원투
▶우럭 - 릴찌, 원투
▶민어 - 루어, 지깅, 원투
▶광어 - 릴찌, 원투",03_감곽여 부근 해상.JPG,인천광역시 중구
126.057861099999,35.3710555608905,S20025,F2010,214911,안마도·석만도,쎄지기 사이 해상,5.5~11.6,암,들물/날물,"▶간재미 - 원투
▶노래미 - 루어, 릴찌, 장대, 원투
▶붕장어 - 원투
▶우럭 - 릴찌, 원투
▶민어 - 루어, 지깅, 원투
▶광어 - 릴찌, 원투",04_똥 섬 부근 해상.JPG,인천광역시 중구
126.018999999999,35.3654444408903,S20026,F2010,214912,안마도·석만도,대장재여 부근 해상,10.5~18.2,"자갈, 조개껍질",들물/날물,"▶감성돔 - 릴찌, 장대, 원투
▶붕장어 - 원투
▶우럭 - 릴찌, 원투
▶농어 - 루어, 릴찌
▶노래미 - 루어, 릴찌, 장대, 원투
▶민어 - 루어, 지깅, 원투",06_대장재여 부근 해상.JPG,인천광역시 중구
126.009416699999,35.3599722208903,S20027,F2010,214913,안마도·석만도,장재여 부근 해상,5.8~10.4,암,들물/날물,"▶감성돔 - 릴찌, 장대, 원투
▶붕장어 - 원투
▶우럭 - 릴찌, 원투
▶농어 - 루어, 릴찌
▶노래미 - 루어, 릴찌, 장대, 원투
▶민어 - 루어, 지깅, 원투",07_장재여 부근 해상.JPG,인천광역시 중구
125.999166699999,35.3563888908902,S20028,F2010,214914,안마도·석만도,죽도 부근 해상,8.4~10.3,암,들물/날물,"▶감성돔 - 릴찌, 장대, 원투
▶붕장어 - 원투
▶우럭 - 릴찌, 원투
▶농어 - 루어, 릴찌
▶노래미 - 루어, 릴찌, 장대, 원투
▶민어 - 루어, 지깅, 원투",08_죽도 부근 해상.JPG,인천광역시 중구
125.994722199999,35.3577222208902,S20029,F2010,214915,안마도·석만도,근여 부근 해상,20.0~25.0,암,들물/날물,"▶감성돔 - 릴찌, 장대, 원투
▶붕장어 - 원투
▶우럭 - 릴찌, 원투
▶농어 - 루어, 릴찌
▶노래미 - 루어, 릴찌, 장대, 원투
▶민어 - 루어, 지깅, 원투",09_근여 부근 해상.JPG,인천광역시 중구
126.156888899999,35.2869444408897,S20030,F2011,214916,송이도,양골 앞 바다,1.5~1.7,암,들물/날물,"▶감성돔 - 릴찌, 장대, 원투
▶민어 - 루어, 지깅, 원투
▶숭어 - 릴찌, 장대, 홀치기
▶농어 - 루어, 릴찌
▶붕장어 - 원투
▶우럭 - 릴찌, 원투",01_양골 앞 바다.JPG,전라남도 영광군
126.136388899999,35.2952777808898,S20031,F2011,214917,송이도,큰내기 앞 바다,2.0~2.9,암,들물/날물,"▶감성돔 - 릴찌, 장대, 원투
▶민어 - 루어, 지깅, 원투
▶숭어 - 릴찌, 장대, 홀치기
▶농어 - 루어, 릴찌
▶붕장어 - 원투
▶우럭 - 릴찌, 원투",02_큰내기 앞 바다.JPG,전라남도 영광군
126.140833299999,35.2667222208895,S20032,F2011,214918,송이도,민머리 앞 바다,-0.4~0.4,암,들물/날물,"▶감성돔 - 릴찌, 장대, 원투
▶민어 - 루어, 지깅, 원투
▶숭어 - 릴찌, 장대, 홀치기
▶농어 - 루어, 릴찌
▶붕장어 - 원투
▶우럭 - 릴찌, 원투",03_민머리 앞 바다.JPG,전라남도 영광군
126.2727222,34.9876666708866,S20033,F2013,214919,고이도·매화도·선도·증도,선도선창부근 해상,0~2.0,펄,초들물~중날물,"▶감성돔 - 릴찌, 장대, 원투
▶노래미 - 루어, 릴찌, 장대, 원투
▶광어 - 릴찌, 원투
▶숭어 - 릴찌, 장대, 훌치기
▶우럭 - 릴찌, 원투
▶붕장어 - 원투
▶도다리 - 원투
▶농어 - 루어, 릴찌",01_선도선창부근 해상.JPG,전라남도 신안군
126.124999999999,34.9639722208861,S20034,F2013,214920,고이도·매화도·선도·증도,면도부근 해상,1.4~2.3,펄,초들물~중날물,"▶감성돔 - 릴찌, 장대, 원투
▶노래미 - 루어, 릴찌, 장대, 원투
▶광어 - 릴찌, 원투
▶숭어 - 릴찌, 장대, 훌치기
▶우럭 - 릴찌, 원투
▶붕장어 - 원투
▶도다리 - 원투
▶농어 - 루어, 릴찌",02_면도부근 해상.JPG,전라남도 신안군
126.050666699999,34.8505833308847,S20035,F2014,214921,자은도,원도 부근,10~16.3,암,초들물~중날,"▶감성돔 - 릴찌, 장대, 원투
▶숭어 - 릴찌, 장대, 홀치기
▶농어 - 루어, 릴찌",01_원도 부근.JPG,전라남도 신안군
126.3437222,34.9114166708857,S20036,F2016,214922,압해도,효지도 철탑아래 해상,0.1~0.7,펄,초들물~중날물,"▶감성돔 - 릴찌, 장대, 원투 
▶노래미 - 루어, 릴찌, 장대, 원투 
▶농어 - 루어, 릴찌
▶볼락 - 릴찌, 장대, 루어 
▶붕장어 - 원투 
▶우럭 - 릴찌, 원투",01_효자도 철탑아래 해상.JPG,전라남도 신안군
126.3378333,34.9127500008858,S20037,F2016,214923,압해도,대교 밑 해상,2.1~5.0,펄,초들물~중날물,"▶감성돔 - 릴찌, 장대, 원투 
▶노래미 - 루어, 릴찌, 장대, 원투 
▶농어 - 루어, 릴찌
▶볼락 - 릴찌, 장대, 루어 
▶붕장어 - 원투 
▶우럭 - 릴찌, 원투",02_대교 밑 해상.JPG,전라남도 신안군
126.3318889,34.9128888908858,S20038,F2016,214924,압해도,대교동측 해상,2.1~4.3,펄,초들물~중날물,"▶감성돔 - 릴찌, 장대, 원투 
▶노래미 - 루어, 릴찌, 장대, 원투 
▶농어 - 루어, 릴찌
▶볼락 - 릴찌, 장대, 루어 
▶붕장어 - 원투 
▶우럭 - 릴찌, 원투",03_대교동측 해상.JPG,전라남도 신안군
126.3705556,34.8206944408847,S20039,F2016,214925,압해도,압해도 선착장 앞 해상,12.9~19.6,펄,초들물~중날물,"▶감성돔 - 릴찌, 장대, 원투 
▶노래미 - 루어, 릴찌, 장대, 원투 
▶농어 - 루어, 릴찌
▶볼락 - 릴찌, 장대, 루어 
▶붕장어 - 원투 
▶우럭 - 릴찌, 원투",04_압해도 선착장 앞 해상.JPG,전라남도 신안군
126.164833299999,34.6791111108829,S20040,F2019,214926,장산도,신도 부근,0.3~4.9,암,조금전후,"▶감성돔 - 릴찌, 장대, 원투
▶붕장어 - 원투
▶농어 - 루어, 릴찌",01_신도 부근.JPG,전라남도 신안군
126.042111099999,34.2253888908774,S20041,F2025,214927,상조도·하조도·관매도,고치서 북서측 간출암 부근 해상,3.4~5.2,펄,초들물~중날물,"▶감성돔 - 릴찌, 장대, 원투
▶참돔 - 부력, 잠수
▶노래미 - 루어, 릴찌, 장대, 원투
▶돌돔 - 원투, 민장대, 릴찌
▶도다리 - 원투
▶우럭 - 릴찌, 원투",01_고치서 북서측 간출암 부근 해상.JPG,인천광역시 옹진군
126.036666699999,34.2190000008774,S20042,F2025,214928,상조도·하조도·관매도,고치서 입표 부근 해상,18.5~20.8,"자갈, 조개껍질",초들물~중날물,"▶감성돔 - 릴찌, 장대, 원투
▶참돔 - 부력, 잠수
▶노래미 - 루어, 릴찌, 장대, 원투
▶돌돔 - 원투, 민장대, 릴찌
▶도다리 - 원투
▶우럭 - 릴찌, 원투",02_고치서 입표 부근 해상.JPG,인천광역시 옹진군
125.098555599982,34.1051666708676,S20043,F2026,214929,가거도,두억서 부근 해상,11.2~17.9,암,초들물~중날물,"▶감성돔 - 릴찌, 장대, 원투
▶노래미 - 루어, 릴찌, 장대, 원투
▶참돔 - 릴찌
▶농어 - 루어
▶볼락 - 릴찌, 장대, 루어
▶우럭 - 루어, 릴찌, 장대, 원투
▶돌돔 - 릴찌 
▶부시리 - 루어",01_두억서 부근 해상.JPG,전라남도 신안군
125.093749999982,34.0978888908674,S20044,F2026,214930,가거도,"오동여, 검등여 사이 부근 해상",10.5~12.3,암,초들물~중날물,"▶감성돔 - 릴찌, 장대, 원투
▶노래미 - 루어, 릴찌, 장대, 원투
▶참돔 - 릴찌
▶농어 - 루어
▶볼락 - 릴찌, 장대, 루어
▶우럭 - 루어, 릴찌, 장대, 원투
▶돌돔 - 릴찌 
▶부시리 - 루어","02_오동여, 검등여 사이 부근 해상.JPG",전라남도 신안군
126.7291944,34.3886388908798,S20045,F2027,214931,완도,납당여 부근 해상,3.0~6.0,펄,초들물~중날물,"▶숭어 - 릴찌, 장대, 홀치기
▶우럭 - 릴찌, 원투
▶농어 - 루어, 릴찌
▶감성돔 - 릴찌, 장대, 원투
▶참돔 - 부력, 잠수
▶붕장어 - 원투",01_납당여 부근 해상.JPG,전라남도 완도군
126.7456667,34.3702777808796,S20046,F2027,214932,완도,대야리 앞 해상,10.9~18.2,펄,초들물~중날물,"▶숭어 - 릴찌, 장대, 홀치기
▶우럭 - 릴찌, 원투
▶농어 - 루어, 릴찌
▶감성돔 - 릴찌, 장대, 원투
▶참돔 - 부력, 잠수
▶붕장어 - 원투",02_대야리 앞 해상.JPG,전라남도 완도군
126.7431111,34.3580555608794,S20047,F2027,214933,완도,장도 앞 해상,9.8~10.2,암,초들물~중날물,"▶숭어 - 릴찌, 장대, 홀치기
▶우럭 - 릴찌, 원투
▶농어 - 루어, 릴찌
▶감성돔 - 릴찌, 장대, 원투
▶참돔 - 부력, 잠수
▶붕장어 - 원투",03_장도 앞 해상.JPG,전라남도 완도군
127.0409722,34.4319444408803,S20048,F2029,214934,금당도,서방여부근,5.4~13.6,암,초들물~중날물,"▶감성돔 - 릴찌, 장대, 원투
▶볼락 - 릴찌, 장대, 루어
▶노래미 - 루어, 릴찌, 장대, 원투
▶농어 - 루어, 릴찌
▶도다리 - 원투
▶학꽁치 - 릴찌, 장대",01_서방여부근.JPG,전라남도 완도군
127.0174444,34.3202777808789,S20049,F2030,214935,금일도·생일도,낭도 부근,1.8~2.5,암,초들물~중날물,"▶감성돔 - 릴찌, 장대, 원투
▶숭어 - 릴찌, 장대, 훌치기
▶우럭 - 릴찌, 원투
▶노래미 - 루어, 릴찌, 장대, 원투
▶농어 - 루어, 릴찌
▶학꽁치 - 릴찌, 장대
▶볼락 - 루어, 릴찌, 장대
▶붕장어",01_낭도 부근.JPG,전라남도 완도군
127.2147222,34.2140833308777,S20050,F2031,214936,초 도,외항도 내항도 사이,29.5~37,펄,초들물~중날물,"▶참돔 - 부력, 잠수
▶뱅어돔 - 목줄, 장대, 부력, 잠수
▶볼락 - 릴찌, 장대, 루어
▶감성돔 - 릴찌, 장대, 원투
▶돌돔 - 민장대, 릴찌, 원투
▶농어 - 루어, 릴찌",01_외항도 내항도 사이.JPG,전라남도 여수시
127.7304444,34.6075833308823,S20051,F2032,214937,돌산도,예교마을 앞 입표 부근 해상,8.7~12.8,펄,초들물~중날물,"▶참돔 - 부력, 잠수
▶농어 - 루어, 릴찌
▶노래미 - 루어, 릴찌, 장대, 원투
▶볼락 - 릴찌, 장대, 루어
▶우럭 - 릴찌, 원투
▶붕장어 - 원투",01_예교마을 앞 입표 부근 해상.JPG,전라남도 여수시
127.73375,34.5990277808823,S20052,F2032,214938,돌산도,신기마을 앞 노란색 부표 부근,7.9~22,펄,초들물~중날물,"▶참돔 - 부력, 잠수
▶농어 - 루어, 릴찌
▶노래미 - 루어, 릴찌, 장대, 원투
▶볼락 - 릴찌, 장대, 루어
▶우럭 - 릴찌, 원투
▶붕장어 - 원투",02_신기마을 앞 노란색 부표 부근.JPG,전라남도 여수시
127.7501111,34.5821388908821,S20053,F2032,214939,돌산도,화태도 대횡간도사이 입표 부근,-0.9~14,펄,초들물~중날물,"▶참돔 - 부력, 잠수
▶농어 - 루어, 릴찌
▶노래미 - 루어, 릴찌, 장대, 원투
▶볼락 - 릴찌, 장대, 루어
▶우럭 - 릴찌, 원투
▶붕장어 - 원투",03_화태도 대횡간도 사이 입표 부근 해상.JPG,전라남도 여수시
127.7563333,34.5911111108822,S20054,F2032,214940,돌산도,작금마을 동측 입표 부근,4.9~7.5,펄,초들물~중날물,"▶참돔 - 부력, 잠수
▶농어 - 루어, 릴찌
▶노래미 - 루어, 릴찌, 장대, 원투
▶볼락 - 릴찌, 장대, 루어
▶우럭 - 릴찌, 원투
▶붕장어 - 원투",04_작금 마을 동측 입표 부근.JPG,전라남도 여수시
127.7523333,34.6081666708824,S20055,F2032,214941,돌산도,밤섬 남측 해상,4.5~10.7,펄,초들물~중날물,"▶참돔 - 부력, 잠수
▶농어 - 루어, 릴찌
▶노래미 - 루어, 릴찌, 장대, 원투
▶볼락 - 릴찌, 장대, 루어
▶우럭 - 릴찌, 원투
▶붕장어 - 원투",05_밤섬 남측 해상.JPG,전라남도 여수시
126.3547778,37.4759166709112,S20056,F2032,214942,돌산도,백포 간출여 주변 해상,9.7~10.5,펄,초들물~중날물,"▶참돔 - 부력, 잠수
▶농어 - 루어, 릴찌
▶노래미 - 루어, 릴찌, 장대, 원투
▶볼락 - 릴찌, 장대, 루어
▶우럭 - 릴찌, 원투
▶붕장어 - 원투",06_백포 간출여 주변 해상.JPG,전라남도 여수시
127.7926111,34.6868888908833,S20057,F2032,214943,돌산도,죽도 부근 해상,4.5~10.7,펄,초들물~중날물,"▶참돔 - 부력, 잠수
▶농어 - 루어, 릴찌
▶노래미 - 루어, 릴찌, 장대, 원투
▶볼락 - 릴찌, 장대, 루어
▶우럭 - 릴찌, 원투
▶붕장어 - 원투",07_죽도 부근 해상.JPG,전라남도 여수시
127.7859444,34.6948333308834,S20058,F2032,214944,돌산도,내치도 부근 해상,0.7~4.7,펄,초들물~중날물,"▶참돔 - 부력, 잠수
▶농어 - 루어, 릴찌
▶노래미 - 루어, 릴찌, 장대, 원투
▶볼락 - 릴찌, 장대, 루어
▶우럭 - 릴찌, 원투
▶붕장어 - 원투",08_내치도 부근 해상.JPG,전라남도 여수시
127.8583889,34.9393055608862,S20059,F2033,214945,남해도 북부,와도부근 해상,3.3~8.5,"펄, 조개껍질",초들물~중날,"▶참돔 - 부력, 잠수
▶농어 - 루어, 릴찌
▶노래미 - 루어, 릴찌, 장대, 원투
▶볼락 - 릴찌, 장대, 루어
▶우럭 - 릴찌, 원투",01_와도부근 해상.JPG,경상남도 남해군
127.8555,34.933305560886,S20060,F2033,214946,남해도 북부,차면리 방파제 북측 입표 부근,3.3~8.5,"펄, 조개껍질",초들물~중날,"▶참돔 - 부력, 잠수
▶농어 - 루어, 릴찌
▶노래미 - 루어, 릴찌, 장대, 원투
▶볼락 - 릴찌, 장대, 루어
▶우럭 - 릴찌, 원투",02_차면리 방파제 북측 입표 부근.JPG,경상남도 남해군
127.8267778,34.9042777808858,S20061,F2033,214947,남해도 북부,난초섬 부근,3.3~8.5,암,초들물~중날,"▶참돔 - 부력, 잠수
▶농어 - 루어, 릴찌
▶노래미 - 루어, 릴찌, 장대, 원투
▶볼락 - 릴찌, 장대, 루어
▶우럭 - 릴찌, 원투",03_난초섬 부근.JPG,경상남도 남해군
127.7994444,34.8423333308851,S20062,F2033,214948,남해도 북부,남상리 앞바다,21.7~22.4,암,초들물~중날,"▶참돔 - 부력, 잠수
▶농어 - 루어, 릴찌
▶노래미 - 루어, 릴찌, 장대, 원투
▶볼락 - 릴찌, 장대, 루어
▶우럭 - 릴찌, 원투",04_남상리 앞바다.JPG,경상남도 남해군
127.8026389,34.8236111108849,S20063,F2033,214949,남해도 북부,작장리 앞바다,13.4~17.5,암,초들물~중날,"▶참돔 - 부력, 잠수
▶농어 - 루어, 릴찌
▶노래미 - 루어, 릴찌, 장대, 원투
▶볼락 - 릴찌, 장대, 루어
▶우럭 - 릴찌, 원투",05_서상리 앞바다.JPG,경상남도 남해군
127.8115278,34.8091944408847,S20064,F2033,214950,남해도 북부,서상리 앞바다,13.0~17.6,암,초들물~중날,"▶참돔 - 부력, 잠수
▶농어 - 루어, 릴찌
▶노래미 - 루어, 릴찌, 장대, 원투
▶볼락 - 릴찌, 장대, 루어
▶우럭 - 릴찌, 원투",05_작장리 앞바다.JPG,경상남도 남해군
127.8971944,34.9508611108863,S20065,F2033,214951,남해도 북부,노량수도,17.5~23.2,"펄, 모래",초들물~중날,"▶참돔 - 부력, 잠수
▶농어 - 루어, 릴찌
▶노래미 - 루어, 릴찌, 장대, 원투
▶볼락 - 릴찌, 장대, 루어
▶우럭 - 릴찌, 원투",07_노량수도.JPG,경상남도 남해군
127.9158333,34.9456666708863,S20066,F2033,214952,남해도 북부,왕지마을 앞바다,1.2~10.9,"펄, 모래",초들물~중날,"▶참돔 - 부력, 잠수
▶농어 - 루어, 릴찌
▶노래미 - 루어, 릴찌, 장대, 원투
▶볼락 - 릴찌, 장대, 루어
▶우럭 - 릴찌, 원투",08_왕지마을 앞바다.JPG,경상남도 남해군
127.93775,34.920750000886,S20067,F2033,214953,남해도 북부,상돈도 장도 사이 해상,2.3~3.7,"펄, 조개껍질",초들물~중날,"▶참돔 - 부력, 잠수
▶농어 - 루어, 릴찌
▶노래미 - 루어, 릴찌, 장대, 원투
▶볼락 - 릴찌, 장대, 루어
▶우럭 - 릴찌, 원투",09_상돈도 장도 사이 해상.JPG,경상남도 남해군
128.01075,34.834111110885,S20068,F2034,214954,남해도 동부·신수도·창선도,지족리 앞바다,0.4~1.5,암,초들물~중날물,"▶참돔 - 부력, 잠수
▶농어 - 루어, 릴찌
▶노래미 - 루어, 릴찌, 장대, 원투
▶볼락 - 릴찌, 장대, 루어
▶우럭 - 릴찌, 원투",01_지족리 앞바다.JPG,경상남도 남해군
